date,danceability,energy,key,loudness,mode,speechiness,acousticness,instrumentalness,liveness,valence,tempo,duration_ms,year
2017-03-11,0.64798,0.59072,5.3,-6.75078,0.6,0.074722,0.29834844,0.047989216,0.15585,0.457288,115.85618,218643.36,2017
2017-03-12,0.64636,0.57686,5.18,-7.09456,0.6,0.086514,0.3015239,0.059912942,0.155638,0.432308,118.32086,218401.08,2017
2017-03-13,0.58882,0.59418,4.64,-7.2606,0.6,0.097406,0.313383451,0.05487071,0.155874,0.421246,118.692,225813.82,2017
2017-03-14,0.57906,0.5801,5.22,-7.48796,0.6,0.091358,0.3105774,0.050332173,0.144024,0.414488,118.77846,223874.02,2017
2017-03-15,0.60222,0.56972,4.86,-7.62808,0.6,0.097148,0.2943682,0.038304226,0.13961,0.406934,114.82786,223942.24,2017
2017-03-16,0.59754,0.55818,5.18,-7.79224,0.62,0.091294,0.3168098,0.042080289,0.147398,0.425112,119.26248,217812.74,2017
2017-03-17,0.5636,0.54358,4.98,-8.70872,0.66,0.096178,0.371736304,0.068977398,0.138306,0.399302,115.85036,222628.64,2017
2017-03-18,0.57194,0.5677,4.68,-8.4725,0.66,0.095858,0.356900424,0.069903698,0.134432,0.426242,117.34848,218785.96,2017
2017-03-19,0.55852,0.57024,4.7,-8.4267,0.62,0.09114,0.354895104,0.09926677,0.141738,0.398122,117.31756,225036.3,2017
2017-03-20,0.5956,0.58616,5.46,-7.37908,0.56,0.113972,0.30425312,0.033319399,0.185442,0.442448,117.99028,218940.16,2017
2017-03-21,0.59542,0.57016,5.7,-7.5827,0.56,0.129454,0.3095244,0.032801728,0.190326,0.414628,124.45374,225100.06,2017
2017-03-22,0.6295,0.5722,5.62,-7.64876,0.56,0.139396,0.2760872,0.048172174,0.195508,0.400242,126.06416,226875.26,2017
2017-03-23,0.61916,0.55126,5.66,-8.08806,0.48,0.145966,0.2999134,0.05819324,0.193758,0.390462,122.60158,229358.72,2017
2017-03-24,0.6491,0.54076,4.78,-8.25436,0.52,0.146104,0.30324622,0.058872403,0.194534,0.379022,124.33038,221156.98,2017
2017-03-25,0.65642,0.55138,5.04,-8.18934,0.52,0.155414,0.31664302,0.073504166,0.194198,0.386122,123.47266,227539.94,2017
2017-03-26,0.63946,0.5251,5.12,-8.60184,0.52,0.14998,0.34348302,0.041365422,0.19008,0.363058,121.49082,218141.18,2017
2017-03-27,0.6546,0.6131,5.44,-7.25744,0.5,0.147276,0.24110622,0.048809922,0.187218,0.41795,125.10262,224563.38,2017
2017-03-28,0.62204,0.59656,5.28,-7.75156,0.54,0.131896,0.29706302,0.076778356,0.18295,0.41403,120.26532,213455.4,2017
2017-03-29,0.59968,0.57554,5.2,-7.96664,0.66,0.146136,0.32305282,0.028093482,0.17707,0.396046,117.4308,215302.1,2017
2017-03-30,0.60682,0.61042,5.02,-7.34058,0.66,0.128642,0.30454254,0.050880892,0.181852,0.424596,114.77128,211734.08,2017
2017-03-31,0.59158,0.571998,5.34,-8.34608,0.62,0.117612,0.32287618,0.066068114,0.18555,0.400928,112.42988,216861.56,2017
2017-04-01,0.58208,0.582498,5.06,-8.37526,0.64,0.118328,0.29779156,0.073514644,0.208018,0.417598,113.72922,213985.28,2017
2017-04-02,0.5703,0.591038,4.88,-8.09876,0.54,0.11958,0.293035476,0.107727458,0.20546,0.400018,116.92174,215911.6,2017
2017-04-03,0.61404,0.589038,4.8,-7.74874,0.58,0.097432,0.342742593,0.082382287,0.177662,0.42807,118.83536,216472.6,2017
2017-04-04,0.60026,0.615498,5.08,-7.35576,0.56,0.101364,0.318299567,0.087698787,0.1629,0.42273,115.21366,218106.22,2017
2017-04-05,0.6286,0.64694,5.72,-7.06898,0.62,0.091918,0.272724635,0.112004873,0.164912,0.455214,116.37086,212085.92,2017
2017-04-06,0.61022,0.63714,5.46,-6.86252,0.6,0.099972,0.279321435,0.111206661,0.171696,0.446334,114.59538,208225.42,2017
2017-04-07,0.60368,0.59776,5.32,-7.29448,0.68,0.087234,0.318132842,0.086885431,0.180042,0.435534,114.16438,206163.58,2017
2017-04-08,0.60318,0.57352,5.42,-7.47006,0.7,0.086976,0.349816068,0.063948058,0.180206,0.437334,119.31552,207053.38,2017
2017-04-09,0.61208,0.58864,5.1,-7.4878,0.7,0.091782,0.309278668,0.09180111,0.192886,0.433514,122.03008,210130.92,2017
2017-04-10,0.60864,0.6071,5.68,-7.80908,0.58,0.094662,0.245798068,0.085603964,0.20422,0.427654,123.16138,214160.46,2017
2017-04-11,0.5964,0.63272,5.44,-7.44068,0.62,0.080716,0.221703104,0.071239762,0.190408,0.428074,123.05784,214865.5,2017
2017-04-12,0.59918,0.61534,4.92,-7.50958,0.58,0.076992,0.250312364,0.067040665,0.191534,0.403776,122.79872,224180.92,2017
2017-04-13,0.5934,0.62502,5.04,-7.42988,0.66,0.079386,0.24678256,0.07996096,0.185886,0.396016,123.85278,233286.26,2017
2017-04-14,0.58564,0.61822,4.9,-7.6406,0.66,0.086622,0.27385676,0.093439491,0.18471,0.396396,123.62628,227847.86,2017
2017-04-15,0.60232,0.59952,5.58,-8.31304,0.6,0.084302,0.245099344,0.155043337,0.205134,0.41796,121.87158,224651.38,2017
2017-04-16,0.60204,0.61082,5.66,-8.22132,0.62,0.097526,0.253302285,0.162000073,0.203892,0.421036,121.98922,224399.32,2017
2017-04-17,0.61182,0.63426,4.8,-7.3207,0.72,0.104782,0.234676029,0.051933562,0.18231,0.440192,119.17446,219586.82,2017
2017-04-18,0.58182,0.6414,5.14,-7.05434,0.68,0.097066,0.229619949,0.078484022,0.176346,0.425852,126.40172,220013.54,2017
2017-04-19,0.59334,0.603576,5.42,-7.93116,0.68,0.095232,0.274752388,0.104503634,0.168428,0.42431,123.48796,232292.32,2017
2017-04-20,0.5928,0.63976,5.28,-7.32852,0.6,0.102726,0.242260988,0.099102399,0.15089,0.444432,123.0595,227729.44,2017
2017-04-21,0.5766,0.60946,5.34,-7.75034,0.66,0.095624,0.28169966,0.129404546,0.151666,0.44083,120.80158,239668.98,2017
2017-04-22,0.57888,0.613596,5.34,-7.73248,0.68,0.099846,0.26052932,0.113327686,0.166818,0.44631,119.95272,235525.14,2017
2017-04-23,0.60734,0.610956,5.4,-7.79534,0.66,0.100588,0.29283664,0.101769172,0.16863,0.46115,122.84586,238580.06,2017
2017-04-24,0.62988,0.603356,5.9,-7.71296,0.72,0.102822,0.3132786,0.065372276,0.143778,0.466556,120.42052,232802.22,2017
2017-04-25,0.64774,0.62786,5.94,-6.50572,0.66,0.101892,0.236916336,0.015869366,0.149604,0.454016,121.91394,226101.08,2017
2017-04-26,0.65418,0.61872,5.52,-6.69022,0.66,0.106884,0.245494336,0.02970219,0.159968,0.474156,121.77202,225773.74,2017
2017-04-27,0.66716,0.63778,5.72,-6.44434,0.64,0.104052,0.203797536,0.026842033,0.173118,0.469396,121.99392,226587.2,2017
2017-04-28,0.68136,0.64328,5.36,-6.10116,0.6,0.118554,0.19664068,0.008805594,0.172288,0.480356,126.18558,218838.1,2017
2017-04-29,0.68942,0.6548,5.2,-6.00338,0.62,0.123364,0.20723468,0.011871602,0.170002,0.477938,126.30462,217524.34,2017
2017-04-30,0.69658,0.65724,4.92,-6.18966,0.58,0.13549,0.20377844,0.012409693,0.197818,0.484018,124.83154,214453.84,2017
2017-05-01,0.65724,0.6361,4.78,-6.59728,0.64,0.090064,0.20555304,0.034826523,0.16877,0.468784,117.73,231049.32,2017
2017-05-02,0.65562,0.62572,4.96,-6.70416,0.64,0.094888,0.20783764,0.034706425,0.175768,0.451624,118.1894,232013.04,2017
2017-05-03,0.66408,0.63366,4.94,-6.4801,0.68,0.084746,0.19413764,0.034942735,0.170702,0.450424,119.63576,231383.02,2017
2017-05-04,0.67038,0.6408,5.1,-6.41828,0.68,0.081164,0.18642204,0.027246509,0.164864,0.447784,117.56614,231376.64,2017
2017-05-05,0.66398,0.64816,4.72,-6.33908,0.68,0.080696,0.17467506,0.050860321,0.152418,0.461124,120.34664,225988.8,2017
2017-05-06,0.6711,0.65676,4.92,-6.34206,0.68,0.084334,0.1703916,0.040100916,0.143692,0.469684,118.99252,225532.9,2017
2017-05-07,0.6725,0.66202,5,-6.4809,0.68,0.086212,0.1523196,0.028182416,0.153622,0.484844,116.73408,223838.2,2017
2017-05-08,0.63442,0.64119,4.62,-6.49788,0.68,0.082298,0.17615752,0.06145525,0.147204,0.440358,121.13106,254099.64,2017
2017-05-09,0.63956,0.64805,4.94,-6.53452,0.68,0.084506,0.18128872,0.061752406,0.151034,0.44725,123.71776,258758.36,2017
2017-05-10,0.65554,0.64395,4.92,-6.5291,0.7,0.1052,0.20181592,0.058953454,0.17202,0.479124,122.43266,248030.9,2017
2017-05-11,0.65526,0.65131,4.78,-6.4235,0.72,0.103174,0.19707792,0.062953493,0.17486,0.476564,123.78962,247933.58,2017
2017-05-12,0.64004,0.64831,4.22,-6.44608,0.66,0.079528,0.18405186,0.043170416,0.168184,0.496544,121.5513,233384.9,2017
2017-05-13,0.64476,0.66067,4.32,-6.3706,0.66,0.082704,0.16653706,0.043178661,0.166,0.490724,120.1139,240698.28,2017
2017-05-14,0.64996,0.65137,4.08,-6.36808,0.66,0.087834,0.16752506,0.042504727,0.152278,0.493944,120.1073,228118.38,2017
2017-05-15,0.63934,0.63173,4.72,-6.3557,0.64,0.087212,0.19631956,0.044693605,0.169558,0.452128,122.4049,222529.42,2017
2017-05-16,0.62382,0.62828,4.78,-6.32724,0.62,0.093354,0.18033594,0.03919296,0.163464,0.447148,118.14278,219516.6,2017
2017-05-17,0.62762,0.63974,4.6,-6.30398,0.62,0.094148,0.17549226,0.03537256,0.167704,0.439388,118.32218,219774.54,2017
2017-05-18,0.57958,0.63162,5.5,-6.5821,0.56,0.082154,0.19699284,0.033302012,0.186082,0.427924,120.52044,236002.24,2017
2017-05-19,0.55412,0.64266,5.72,-6.38822,0.6,0.079308,0.20175985,0.043064781,0.215574,0.430406,125.91474,245002.88,2017
2017-05-20,0.54318,0.63692,6.34,-6.5406,0.6,0.07763,0.20455781,0.047432746,0.213594,0.404646,125.81612,251128.12,2017
2017-05-21,0.53648,0.63956,6.16,-6.54646,0.58,0.068724,0.21723767,0.047835946,0.21429,0.406926,123.69348,253161.84,2017
2017-05-22,0.57516,0.60436,5.62,-6.57944,0.6,0.093156,0.23520034,0.024505595,0.195078,0.432984,123.66368,244995.1,2017
2017-05-23,0.57852,0.60282,5.72,-6.70778,0.58,0.09152,0.23314434,0.024224225,0.202006,0.429884,123.48184,244432.14,2017
2017-05-24,0.5781,0.6236,5.58,-6.55878,0.54,0.089298,0.21913322,0.012223836,0.204418,0.46218,121.91782,241248.5,2017
2017-05-25,0.65452,0.60748,5.44,-6.74062,0.54,0.118692,0.21972826,0.022740449,0.186586,0.457918,121.72096,217722.86,2017
2017-05-26,0.66978,0.59694,5.4,-6.97458,0.52,0.13007,0.22965466,0.017784038,0.183386,0.46532,122.87566,212145.9,2017
2017-05-27,0.66566,0.58732,5.16,-7.12206,0.56,0.137752,0.21919986,0.024573758,0.190284,0.44434,124.24014,213352.48,2017
2017-05-28,0.67408,0.60122,5.1,-7.00332,0.56,0.134218,0.20361986,0.020889532,0.186564,0.456702,125.05812,213321.54,2017
2017-05-29,0.67492,0.62926,5.78,-6.57396,0.54,0.135142,0.1926389,0.030512652,0.214736,0.48849,119.16466,219123.04,2017
2017-05-30,0.671,0.6306,5.52,-6.5718,0.52,0.143214,0.1819093,0.04261413,0.205154,0.49155,120.16636,218375.78,2017
2017-05-31,0.68346,0.6271,5.88,-6.67154,0.52,0.14016,0.1896556,0.034166007,0.176732,0.51767,124.43694,215360.64,2017
2017-06-01,0.68858,0.62964,5.66,-6.75598,0.54,0.14269,0.2003736,0.048784344,0.180082,0.49867,128.04726,212695.54,2017
2017-06-02,0.68134,0.61108,5.68,-7.04692,0.52,0.151898,0.1950236,0.042999165,0.181702,0.48325,123.17434,213830.42,2017
2017-06-03,0.69006,0.6028,5.28,-7.0543,0.54,0.147086,0.1978094,0.041134402,0.173844,0.496914,121.13718,214798,2017
2017-06-05,0.65134,0.65674,4.86,-6.41156,0.56,0.128894,0.153743314,0.034162095,0.177756,0.48738,123.7203,217705.96,2017
2017-06-06,0.65532,0.64096,4.94,-6.71348,0.58,0.122824,0.183014314,0.048140162,0.190392,0.48698,124.78944,217654.36,2017
2017-06-07,0.64884,0.61762,4.78,-6.95304,0.54,0.120688,0.214196314,0.048116632,0.180252,0.48096,124.4387,220185.54,2017
2017-06-08,0.64318,0.62346,4.88,-6.77626,0.52,0.11076,0.213672514,0.033498128,0.185712,0.4953,122.0264,219936.3,2017
2017-06-09,0.66298,0.6552,4.82,-6.45864,0.56,0.126392,0.157164314,0.034137272,0.169502,0.51092,124.54154,217457.36,2017
2017-06-10,0.66192,0.65078,5.28,-6.32646,0.5,0.11816,0.185732314,0.018806642,0.166114,0.51508,120.47478,221305.18,2017
2017-06-11,0.67104,0.6599,5.02,-6.20434,0.52,0.123896,0.182798314,0.009267051,0.174474,0.52408,120.77466,219185.28,2017
2017-06-12,0.66264,0.65154,5.98,-6.02514,0.56,0.130526,0.1680021,0.005784815,0.15752,0.4745,118.55812,215701.86,2017
2017-06-13,0.6583,0.6606,6.02,-6.02264,0.54,0.127814,0.1745373,0.006394131,0.15932,0.47578,118.53814,216493.98,2017
2017-06-14,0.66046,0.66614,5.94,-6.03256,0.54,0.134142,0.1618125,0.014100449,0.160368,0.48278,122.12406,214938.64,2017
2017-06-15,0.66738,0.65566,5.96,-6.14008,0.54,0.138114,0.1836545,0.014100444,0.166584,0.47924,121.846,212867.8,2017
2017-06-16,0.68172,0.64164,5.6,-6.34494,0.54,0.149018,0.2020943,0.0067104,0.168358,0.49804,119.93058,213579.02,2017
2017-06-17,0.68192,0.62662,5.86,-6.67594,0.52,0.14616,0.2152421,0.00672507,0.164438,0.50058,118.34856,209738.16,2017
2017-06-18,0.69552,0.62034,5.42,-6.68658,0.52,0.139822,0.2156401,0.00671757,0.165218,0.485,117.75098,212570,2017
2017-06-19,0.66596,0.67258,5.66,-6.10526,0.52,0.132066,0.16332248,0.030021219,0.16525,0.422622,120.1617,234469.02,2017
2017-06-20,0.67284,0.68596,5.12,-5.93072,0.56,0.122012,0.164549072,0.029804179,0.159904,0.43487,116.36692,233892.3,2017
2017-06-21,0.67974,0.6654,5.52,-6.1921,0.58,0.123578,0.173472,0.024570221,0.155606,0.44958,113.11936,234248.64,2017
2017-06-22,0.68554,0.67136,5.48,-5.99508,0.58,0.127842,0.168958,0.025529041,0.165246,0.44082,114.08278,235175.18,2017
2017-06-23,0.6995,0.67996,5.36,-6.10554,0.58,0.136424,0.15283,0.024895239,0.16002,0.44436,113.48776,232891.78,2017
2017-06-24,0.71252,0.69568,5.34,-6.00234,0.5,0.141744,0.1331646,0.024581288,0.156334,0.46568,113.9778,231324.7,2017
2017-06-25,0.71802,0.6909,5.36,-6.09596,0.52,0.142946,0.1510646,0.010392214,0.168022,0.47574,113.58912,227631.88,2017
2017-06-26,0.67892,0.67156,4.94,-6.27122,0.58,0.12552,0.16792748,0.008934949,0.173692,0.472632,119.39532,220942.78,2017
2017-06-27,0.67022,0.66658,4.86,-6.19924,0.62,0.119488,0.17015948,0.022867734,0.178724,0.465466,119.7998,218967.18,2017
2017-06-28,0.66682,0.66244,4.88,-6.20898,0.6,0.113952,0.19138948,0.023207881,0.177144,0.460286,120.78244,222383.54,2017
2017-06-29,0.6492,0.6694,4.7,-6.0315,0.6,0.105384,0.20070368,0.026146657,0.189036,0.446126,120.23732,224445.16,2017
2017-06-30,0.68104,0.67954,4.4,-6.1753,0.58,0.105526,0.1886704,0.015589718,0.199092,0.479226,119.9288,219035.02,2017
2017-07-01,0.7027,0.664,4.64,-6.15352,0.54,0.107244,0.1853644,0.015338853,0.183224,0.50688,119.2095,223566.48,2017
2017-07-02,0.70168,0.6698,4.72,-6.34858,0.52,0.101202,0.2062544,0.039313433,0.180262,0.52248,118.32366,223495.9,2017
2017-07-03,0.68122,0.62878,5.38,-6.48664,0.56,0.130554,0.2075884,0.02142386,0.173166,0.4397,117.45854,216942.16,2017
2017-07-04,0.67028,0.62046,5.4,-6.48808,0.64,0.113076,0.2283258,0.021297346,0.168964,0.44468,116.68698,216953.12,2017
2017-07-05,0.65652,0.6039,5.88,-6.8332,0.68,0.110688,0.2519398,0.027197568,0.17146,0.43158,116.34846,214500.38,2017
2017-07-06,0.6467,0.6089,5.9,-6.80988,0.7,0.104584,0.2563098,0.032532932,0.190812,0.40354,115.6161,216093.72,2017
2017-07-07,0.65336,0.62178,5.66,-6.73162,0.66,0.10851,0.2503218,0.041675302,0.192556,0.4215,116.91704,220022.94,2017
2017-07-08,0.66504,0.64214,5.62,-6.51046,0.62,0.108918,0.2339858,0.041668425,0.182904,0.43762,116.35842,217838.22,2017
2017-07-09,0.65396,0.64384,5.48,-6.57182,0.64,0.107738,0.225445,0.059528425,0.185724,0.429,118.32008,221803.82,2017
2017-07-10,0.65426,0.61724,6.38,-6.93488,0.64,0.142096,0.211587,0.021864759,0.164688,0.47824,118.4019,211347.44,2017
2017-07-11,0.66602,0.63058,6.42,-6.76316,0.62,0.140096,0.2017572,0.021860871,0.152952,0.49064,118.5259,212434.92,2017
2017-07-12,0.6924,0.61122,6.2,-7.2971,0.62,0.138852,0.203347,0.061959967,0.147978,0.49628,112.30396,212007.46,2017
2017-07-13,0.68744,0.61296,5.82,-7.1692,0.62,0.141134,0.204402,0.059850463,0.151026,0.47762,114.43252,211289.1,2017
2017-07-14,0.6902,0.61506,6.08,-7.18376,0.58,0.13054,0.2006262,0.048281152,0.147286,0.50602,112.60438,209788.32,2017
2017-07-15,0.6925,0.61456,5.92,-7.10846,0.56,0.124064,0.19795218,0.057237152,0.164718,0.5011,112.89122,212718.64,2017
2017-07-16,0.69886,0.62498,5.72,-6.9574,0.56,0.120144,0.18612018,0.057439817,0.16018,0.50186,111.39066,211811.06,2017
2017-07-17,0.68046,0.629,4.98,-6.92062,0.54,0.116424,0.204627,0.048225384,0.190798,0.44018,114.25582,217431.4,2017
2017-07-18,0.68034,0.62878,4.98,-6.89992,0.58,0.109816,0.206991,0.056573316,0.19253,0.44452,114.12502,216892.96,2017
2017-07-19,0.67988,0.6457,5.26,-6.5444,0.58,0.104986,0.18974844,0.035754516,0.198572,0.436366,116.09606,217566.26,2017
2017-07-20,0.68362,0.64704,5,-6.5972,0.56,0.098642,0.196399,0.035916212,0.20253,0.440106,115.87414,216720.4,2017
2017-07-21,0.6721,0.63938,5.34,-6.72392,0.6,0.102692,0.200546,0.025971879,0.204068,0.408608,113.51392,216490.22,2017
2017-07-22,0.66154,0.64604,5.32,-6.59346,0.64,0.097668,0.189242,0.02514988,0.21647,0.413368,114.73078,214931.62,2017
2017-07-24,0.62676,0.60236,5.78,-6.98368,0.64,0.114036,0.2208678,0.013446068,0.174102,0.401624,118.34986,220811.26,2017
2017-07-25,0.62082,0.61216,5.72,-7.01808,0.64,0.108352,0.2244164,0.038826618,0.177948,0.416764,119.91562,226451.98,2017
2017-07-26,0.61844,0.6061,5.4,-7.12932,0.68,0.109458,0.2456364,0.019532756,0.171852,0.41862,119.57248,219430.9,2017
2017-07-27,0.63604,0.60206,5.6,-7.24152,0.62,0.126536,0.241943,0.019127714,0.160754,0.438838,116.6295,215563.04,2017
2017-07-28,0.6675,0.60518,6.02,-7.05962,0.62,0.13457,0.2357812,0.012738978,0.147556,0.441418,116.45004,215715,2017
2017-07-29,0.66696,0.60708,6.04,-6.9714,0.62,0.134066,0.2323972,0.013570978,0.15563,0.434018,116.18764,215674.76,2017
2017-07-30,0.66876,0.60774,6.02,-7.02972,0.6,0.12802,0.2219072,0.004311038,0.168456,0.438118,117.00332,216740.22,2017
2017-07-31,0.66984,0.64412,6.38,-6.45346,0.62,0.108164,0.13867578,0.00215209,0.180584,0.466544,120.51604,212145.4,2017
2017-08-01,0.6641,0.64536,6.5,-6.59508,0.6,0.107882,0.15220378,0.002655357,0.19841,0.459184,118.91948,215073.38,2017
2017-08-02,0.66122,0.63546,6.16,-6.74748,0.62,0.10264,0.15189578,0.002804317,0.195326,0.449944,119.79296,214311.28,2017
2017-08-03,0.66736,0.63612,6,-6.7452,0.6,0.102892,0.15408498,0.019583263,0.195286,0.450084,118.95418,214294.42,2017
2017-08-04,0.66902,0.63366,5.92,-6.79192,0.62,0.103998,0.15854978,0.019546225,0.191004,0.450144,119.86038,213669.32,2017
2017-08-05,0.6725,0.6354,6.12,-6.81906,0.62,0.10146,0.15818554,0.020270425,0.196044,0.444144,116.79668,212300,2017
2017-08-06,0.67124,0.63584,6.08,-6.85862,0.64,0.102274,0.17925594,0.021609735,0.196064,0.445084,115.18404,209837.06,2017
2017-08-07,0.7129,0.626,6.08,-6.29448,0.5,0.133592,0.1572617,0.020089601,0.160884,0.476544,112.5029,208547.56,2017
2017-08-08,0.71462,0.61684,6.1,-6.37026,0.48,0.13222,0.1703257,0.020463601,0.158804,0.472964,113.76286,209011.1,2017
2017-08-09,0.70834,0.61474,5.98,-6.19192,0.46,0.120828,0.1642213,0.003578023,0.157412,0.458244,110.85174,208396.12,2017
2017-08-10,0.69576,0.60234,5.96,-6.39916,0.52,0.118022,0.1794331,0.003577691,0.156114,0.445184,111.83666,208458.2,2017
2017-08-11,0.7007,0.6213,6.18,-6.31918,0.5,0.111098,0.1744833,0.003352007,0.158868,0.486164,114.82788,205723.42,2017
2017-08-12,0.70816,0.62544,6.14,-6.23804,0.5,0.1099,0.1704369,0.004183963,0.169208,0.489024,114.46702,207111.04,2017
2017-08-13,0.69852,0.6284,6.08,-6.23686,0.5,0.107702,0.1699115,0.005436895,0.181944,0.484704,116.28994,207997.24,2017
2017-08-14,0.64184,0.6399,4.88,-5.85764,0.66,0.081992,0.1550491,0.023650123,0.164296,0.439664,116.01788,210192.48,2017
2017-08-15,0.64864,0.66772,5.02,-5.50788,0.64,0.08353,0.1294521,0.023097589,0.163732,0.451582,119.87886,210492.6,2017
2017-08-16,0.654,0.67396,4.94,-5.43768,0.62,0.084554,0.1257425,0.023929508,0.175644,0.450962,120.01856,211819.72,2017
2017-08-17,0.64732,0.6839,5.1,-5.4095,0.62,0.086066,0.1302354,0.023929482,0.166148,0.454962,118.91214,212937.8,2017
2017-08-18,0.66496,0.66982,5.38,-5.53564,0.64,0.098158,0.1195191,0.023922541,0.164886,0.444762,122.22316,212405.04,2017
2017-08-19,0.66914,0.65104,5.44,-5.84618,0.62,0.093102,0.1174111,0.021427199,0.165082,0.455082,120.39232,212650.86,2017
2017-08-20,0.66636,0.64934,5.46,-5.83674,0.64,0.098612,0.1380551,0.004538959,0.154002,0.480062,120.45194,213394.22,2017
2017-08-21,0.63666,0.66448,6.64,-5.84826,0.72,0.092382,0.16464124,0.000864215,0.174906,0.45301,115.66462,209693.58,2017
2017-08-22,0.64414,0.66902,6.34,-5.78098,0.68,0.09634,0.15150524,0.004286017,0.183966,0.461372,117.51426,211927.02,2017
2017-08-23,0.63594,0.66822,6.2,-5.8478,0.7,0.099844,0.15177524,0.004285837,0.186918,0.452622,119.25582,213296,2017
2017-08-24,0.63176,0.66912,6.3,-5.91014,0.7,0.09689,0.16260984,0.011309952,0.199726,0.442642,120.5311,219100.8,2017
2017-08-25,0.6434,0.673,5.84,-5.64584,0.62,0.09547,0.1421806,0.011935582,0.191932,0.437612,116.4723,222170.02,2017
2017-08-26,0.6384,0.66678,5.58,-5.87852,0.6,0.09315,0.1625948,0.018353414,0.189454,0.433682,115.93534,222154.78,2017
2017-08-27,0.62834,0.66304,5.9,-5.73496,0.58,0.09999,0.1706388,0.012360552,0.185714,0.439362,115.53102,219667.62,2017
2017-08-28,0.67008,0.66362,6,-5.97378,0.46,0.127512,0.20169468,0.028181859,0.177124,0.47946,121.45448,214874.6,2017
2017-08-29,0.67448,0.658,5.94,-6.16164,0.46,0.129338,0.22174808,0.021268807,0.164154,0.48396,123.58114,211549.66,2017
2017-08-30,0.67014,0.65366,5.92,-6.2243,0.48,0.129706,0.22114008,0.021252489,0.159134,0.46704,123.02228,216278.84,2017
2017-08-31,0.67464,0.65166,5.6,-6.20872,0.48,0.132924,0.22323948,0.007048527,0.169314,0.48644,122.3792,214393.76,2017
2017-09-01,0.67796,0.64714,5.24,-6.18484,0.48,0.127948,0.2268895,0.000800961,0.158684,0.48336,118.68856,215688.5,2017
2017-09-02,0.67086,0.66092,5.18,-6.09616,0.48,0.125444,0.2162115,0.000802242,0.158246,0.49176,118.46468,212872.82,2017
2017-09-03,0.6776,0.66502,5.14,-6.07558,0.5,0.127172,0.1992435,0.000904128,0.172336,0.49722,119.00202,215324.72,2017
2017-09-04,0.68944,0.63496,5.34,-6.56002,0.56,0.114236,0.2223935,0.042019683,0.175196,0.458618,123.53162,224771.3,2017
2017-09-05,0.70142,0.63956,5.18,-6.47048,0.56,0.115272,0.20411596,0.043174401,0.17905,0.455518,122.67934,222189.62,2017
2017-09-06,0.70394,0.64884,5.36,-6.41078,0.56,0.116878,0.19457328,0.043153001,0.179222,0.454238,121.4293,219802.14,2017
2017-09-07,0.70274,0.64608,5.56,-6.46182,0.56,0.116506,0.19506528,0.057690741,0.17975,0.443078,122.1365,219417.44,2017
2017-09-08,0.71514,0.63146,5.34,-6.60486,0.5,0.119436,0.19697328,0.057686703,0.175584,0.449578,120.53298,218892.5,2017
2017-09-09,0.7194,0.63384,5.56,-6.76286,0.54,0.120136,0.20269328,0.05070179,0.175284,0.458638,119.81548,219067.74,2017
2017-09-10,0.71326,0.632,5.34,-6.81376,0.54,0.114004,0.191825242,0.054479812,0.170548,0.441718,121.43114,221464.3,2017
2017-09-11,0.629,0.64936,5.56,-6.19542,0.62,0.094058,0.1497238,0.029677906,0.178428,0.448636,119.01006,221561.7,2017
2017-09-12,0.63074,0.63716,5.54,-6.44512,0.62,0.088858,0.1689618,0.029985826,0.174108,0.437068,118.72412,218857.2,2017
2017-09-13,0.63258,0.63714,5.14,-6.46912,0.64,0.093816,0.1793678,0.030717919,0.171622,0.436008,118.75342,218300.88,2017
2017-09-14,0.63164,0.63642,5.06,-6.63444,0.64,0.095456,0.1950098,0.048319879,0.16947,0.444114,118.78322,216237.1,2017
2017-09-15,0.6395,0.63184,5.26,-6.4388,0.56,0.09489,0.1952916,0.055953999,0.1713,0.418954,120.38202,216991.94,2017
2017-09-16,0.64726,0.63582,5.38,-6.38856,0.56,0.096388,0.1917496,0.040265219,0.172904,0.425334,121.3702,215456.48,2017
2017-09-17,0.64882,0.64606,5.12,-6.27512,0.58,0.09742,0.181585562,0.030407519,0.16758,0.435142,122.493,214456.12,2017
2017-09-18,0.62632,0.62536,4.9,-6.45798,0.64,0.103608,0.213318068,0.054840683,0.148502,0.396134,125.58892,224410.7,2017
2017-09-19,0.62174,0.626,5.06,-6.44006,0.62,0.101976,0.212690962,0.054846643,0.147864,0.394994,124.28626,222488.6,2017
2017-09-20,0.61652,0.62768,5.02,-6.38262,0.6,0.10187,0.216232962,0.054833859,0.146724,0.395634,123.74598,223273.78,2017
2017-09-21,0.62146,0.6245,4.96,-6.46088,0.6,0.109058,0.230640562,0.054827806,0.145596,0.402454,123.6907,224167.54,2017
2017-09-22,0.61864,0.61544,4.92,-6.48546,0.64,0.108406,0.231258468,0.05608803,0.164676,0.399632,125.30816,224720.02,2017
2017-09-23,0.62538,0.61042,5.18,-6.55878,0.6,0.101794,0.240725,0.05380017,0.164462,0.403032,126.283,224030.32,2017
2017-09-24,0.62936,0.60458,5.16,-6.56782,0.6,0.107688,0.2442016,0.05380017,0.162872,0.405472,123.56972,223662.28,2017
2017-09-25,0.6817,0.6379,6.3,-6.15152,0.66,0.111356,0.2006232,0.001663046,0.219316,0.440644,120.53896,224069.5,2017
2017-09-26,0.68096,0.64594,6.28,-6.05932,0.64,0.114454,0.20050916,0.001663914,0.223622,0.445982,121.1384,219087,2017
2017-09-27,0.67448,0.64916,6.14,-6.0634,0.58,0.119566,0.20226162,0.00047446,0.216042,0.448942,121.06046,220975.82,2017
2017-09-28,0.6856,0.65186,5.76,-6.07878,0.6,0.124088,0.19892902,0.000475071,0.213662,0.451408,119.4015,219811.56,2017
2017-09-29,0.6894,0.6473,5.92,-6.1337,0.54,0.121048,0.2107923,0.029590729,0.18941,0.426928,119.51918,216881.42,2017
2017-09-30,0.68402,0.64648,5.94,-5.98506,0.54,0.121506,0.2069227,0.029537154,0.189202,0.422282,122.08704,218016.38,2017
2018-03-11,0.67886,0.64802,5.4,-6.57468,0.54,0.124804,0.17838102,0.012576721,0.188404,0.43554,119.01008,211809.16,2018
2018-03-12,0.67412,0.65204,4.9,-6.31292,0.62,0.1336,0.17245202,0.055366328,0.205148,0.432786,125.4402,217262.26,2018
2018-03-13,0.67716,0.65004,4.68,-6.34332,0.62,0.133952,0.15672866,0.055368448,0.195648,0.433526,125.58348,216904.24,2018
2018-03-14,0.66748,0.64956,4.58,-6.22448,0.64,0.121972,0.14157186,0.056433578,0.183478,0.43177,125.74612,218074.94,2018
2018-03-15,0.6762,0.6442,4.72,-6.21646,0.66,0.116308,0.14724646,0.056433933,0.175598,0.435164,125.16828,217845.34,2018
2018-03-16,0.65902,0.64122,5.24,-6.40442,0.66,0.12714,0.17126446,0.039008026,0.177992,0.42455,124.02258,216415.54,2018
2018-03-17,0.65502,0.63634,5.18,-6.43668,0.7,0.148102,0.17802098,0.019897024,0.198968,0.43663,120.43204,216557.84,2018
2018-03-18,0.64744,0.63816,5.4,-6.54314,0.7,0.151114,0.20200758,0.020327137,0.189586,0.47249,121.3392,216974.72,2018
2018-03-19,0.66486,0.6616,5.04,-6.41944,0.62,0.160944,0.21530988,0.041640071,0.160644,0.476622,120.3723,210099.4,2018
2018-03-20,0.66912,0.65312,5.16,-6.42858,0.64,0.165516,0.22373588,0.041639619,0.160666,0.472682,120.00146,208108.7,2018
2018-03-21,0.66412,0.63948,5.4,-6.41114,0.6,0.150958,0.22291376,0.045206879,0.15405,0.460622,122.76364,207612.02,2018
2018-03-22,0.6624,0.64214,5.4,-6.36332,0.62,0.15076,0.21977976,0.043410879,0.15459,0.468822,123.243,205436.74,2018
2018-03-23,0.64568,0.65508,5.66,-6.04582,0.6,0.142364,0.23670188,0.021615879,0.164546,0.481686,120.51114,199931.9,2018
2018-03-24,0.65726,0.65134,5.48,-5.9697,0.58,0.14225,0.23862576,0.003843139,0.185772,0.485786,119.57122,198071.44,2018
2018-03-25,0.6556,0.64544,5.34,-6.01992,0.62,0.154822,0.24491376,0.003840419,0.190492,0.474486,116.95492,199418.4,2018
2018-03-26,0.63438,0.655,5.42,-5.82732,0.6,0.146282,0.17622756,0.000248765,0.178828,0.469634,122.39292,215010.98,2018
2018-03-27,0.62808,0.65742,5.34,-5.84882,0.62,0.142508,0.17408956,0.000250826,0.179694,0.461314,123.45584,214092.94,2018
2018-03-28,0.6286,0.6473,5.4,-5.93912,0.58,0.143408,0.18111876,0.001282849,0.18948,0.454114,124.1531,214711.18,2018
2018-03-29,0.6333,0.63344,5.32,-6.2113,0.56,0.151006,0.18462476,0.001282964,0.18187,0.45706,126.2737,211090.02,2018
2018-03-30,0.63668,0.65974,5.74,-5.87292,0.58,0.14497,0.19458276,0.000245042,0.187508,0.4675,124.08362,211057.72,2018
2018-03-31,0.6352,0.65938,5.66,-5.65238,0.6,0.152452,0.18932676,0.000219925,0.188852,0.45542,123.19836,215254.08,2018
2018-04-01,0.6352,0.65938,5.66,-5.65238,0.6,0.152452,0.18932676,0.000219925,0.188852,0.45542,123.19836,215254.08,2018
2018-04-02,0.6583,0.61494,5.44,-6.0592,0.58,0.148074,0.21750856,0.003112258,0.183962,0.389664,128.49508,209729.16,2018
2018-04-03,0.6438,0.61352,5.48,-6.16002,0.58,0.129978,0.24211756,0.003224316,0.167522,0.383684,126.7088,215061.54,2018
2018-04-04,0.64298,0.61138,5.18,-6.1293,0.6,0.114014,0.23632556,0.003224316,0.170002,0.390684,129.32996,215670.28,2018
2018-04-05,0.63436,0.60428,5.06,-6.23624,0.6,0.117404,0.25555756,0.003194316,0.157904,0.382544,126.43414,218256.2,2018
2018-04-06,0.65816,0.6106,4.74,-6.25514,0.64,0.131358,0.22618056,0.00310259,0.174986,0.412604,130.3345,213712.96,2018
2018-04-07,0.66552,0.6043,4.74,-6.415,0.64,0.1353,0.23496936,0.003102567,0.18005,0.397764,125.93438,215468.18,2018
2018-04-08,0.65364,0.61018,4.92,-6.39684,0.64,0.127608,0.19708492,0.003080055,0.200216,0.396084,129.02748,214782.88,2018
2018-04-09,0.69206,0.61834,4.64,-6.6878,0.72,0.134082,0.23584064,0.031319039,0.172716,0.503,121.1417,210643.92,2018
2018-04-10,0.7024,0.62552,4.86,-6.6861,0.74,0.132362,0.22718724,0.031340089,0.174264,0.50918,120.25986,211739.9,2018
2018-04-11,0.7016,0.62502,4.92,-6.79012,0.72,0.129842,0.22429684,0.031341425,0.174644,0.50098,120.34898,213354.64,2018
2018-04-12,0.69154,0.615,5.26,-6.8435,0.76,0.128906,0.22521624,0.031759056,0.181082,0.48836,121.96836,216795.3,2018
2018-04-13,0.69104,0.62532,5.12,-6.73144,0.72,0.127588,0.19331484,0.008675289,0.186924,0.482306,122.44884,215131.88,2018
2018-04-14,0.6959,0.63898,5.36,-6.76556,0.7,0.135768,0.17281844,0.008676625,0.183228,0.497186,123.75108,217176.32,2018
2018-04-15,0.687,0.64544,5.2,-6.71656,0.72,0.133474,0.18308124,0.020150183,0.184136,0.497446,121.53702,213588.8,2018
2018-04-16,0.69174,0.63904,6.02,-6.16264,0.5,0.139728,0.203148322,0.01817028,0.168374,0.466702,122.5525,214665.62,2018
2018-04-17,0.68906,0.64474,5.98,-6.15034,0.52,0.13815,0.194635922,0.018324458,0.168204,0.457942,122.63378,213782.02,2018
2018-04-18,0.68666,0.64194,5.48,-6.10274,0.5,0.13501,0.187353922,0.017907531,0.16698,0.446862,122.29942,214717.3,2018
2018-04-19,0.6845,0.6604,5.46,-5.82824,0.5,0.126778,0.164955322,0.010043963,0.161496,0.439382,122.82586,212437.76,2018
2018-04-20,0.67452,0.65992,5.88,-5.81504,0.56,0.123386,0.176867922,0.034490306,0.17028,0.452062,123.8238,215610.7,2018
2018-04-21,0.66308,0.67168,5.62,-5.6432,0.56,0.123238,0.159709322,0.034348118,0.175858,0.454442,125.95032,216505.3,2018
2018-04-22,0.66886,0.68338,5.72,-5.6072,0.56,0.122486,0.144737122,0.034348118,0.171366,0.464942,124.86608,214950.06,2018
2018-04-23,0.6729,0.64138,5.54,-6.34272,0.58,0.1867,0.2202442,0.021339657,0.15115,0.446106,111.3216,219165.28,2018
2018-04-24,0.6715,0.64452,5.52,-6.32398,0.58,0.195026,0.2266622,0.021339537,0.169132,0.454666,111.29906,219834.86,2018
2018-04-25,0.66184,0.63598,5.26,-6.44332,0.62,0.182766,0.2116102,0.036425532,0.174876,0.440446,111.85988,223748.28,2018
2018-04-26,0.66764,0.63982,5.42,-6.4879,0.64,0.180816,0.206287,0.03575088,0.197886,0.458706,113.67706,224276.96,2018
2018-04-27,0.66866,0.64222,5.56,-6.2856,0.6,0.189552,0.2186232,0.020116844,0.17672,0.446406,109.4737,219215.82,2018
2018-04-28,0.68088,0.63806,5.58,-6.2686,0.58,0.194456,0.2229452,0.003533282,0.175492,0.453246,109.7622,218504.92,2018
2018-04-29,0.68656,0.62724,5.48,-6.30886,0.58,0.184188,0.2216512,0.003597024,0.174862,0.446706,110.1397,215917.5,2018
2018-04-30,0.69068,0.6225,4.08,-5.89992,0.62,0.114742,0.23249574,0.003177249,0.165912,0.45366,118.52622,214424.7,2018
2018-05-01,0.68666,0.62736,4.1,-5.8284,0.64,0.105886,0.22355374,0.003177348,0.163672,0.46722,117.86704,215327.78,2018
2018-05-02,0.6864,0.63124,3.98,-5.7647,0.62,0.092622,0.2245398,0.002929384,0.172084,0.45428,118.79472,213156.2,2018
2018-05-03,0.6782,0.63006,4.2,-5.84816,0.64,0.095924,0.2431438,0.002865106,0.16524,0.44232,121.86198,214600.5,2018
2018-05-04,0.68966,0.6448,4.34,-5.63108,0.64,0.103666,0.2209814,0.003605334,0.164154,0.47354,116.9238,210739.34,2018
2018-05-05,0.68872,0.65006,4.26,-5.652,0.64,0.10149,0.21324,0.002187298,0.158682,0.45411,117.5547,213503.26,2018
2018-05-06,0.70514,0.64842,4.34,-5.69752,0.64,0.10793,0.202024,0.020246538,0.14626,0.48129,117.49298,210283.22,2018
2018-05-07,0.68368,0.6375,5.78,-5.80384,0.48,0.110706,0.24935112,0.002271663,0.168898,0.4581,112.7543,207671.16,2018
2018-05-08,0.67362,0.62266,5.9,-5.97144,0.44,0.109482,0.25825112,0.019779335,0.160758,0.44614,113.4544,210790.14,2018
2018-05-09,0.68096,0.62548,5.88,-5.88056,0.46,0.109942,0.25266712,0.002599335,0.163558,0.45976,114.20412,209663.48,2018
2018-05-10,0.69476,0.6324,5.72,-5.81392,0.46,0.117174,0.23666312,0.002609355,0.178004,0.46626,115.2936,208476.54,2018
2018-05-11,0.69294,0.61334,5.68,-6.06648,0.52,0.120942,0.253759,0.001683841,0.164674,0.44488,113.35274,208922.52,2018
2018-05-12,0.68882,0.59602,5.7,-6.21784,0.54,0.110582,0.26335,0.016871631,0.157806,0.45974,111.90952,209927.5,2018
2018-05-13,0.67444,0.61194,5.64,-6.09228,0.58,0.116988,0.25238,0.016857621,0.168044,0.45546,112.91458,207878.6,2018
2018-05-14,0.66822,0.66348,6.26,-5.68776,0.66,0.110834,0.23631061,0.010041937,0.185804,0.4556,116.86894,213935.38,2018
2018-05-15,0.6777,0.6795,6.4,-5.66242,0.7,0.11512,0.197490828,0.026082104,0.193228,0.46254,118.08444,216347.98,2018
2018-05-16,0.68058,0.67842,6.1,-5.70116,0.64,0.11414,0.200666628,0.026087892,0.18251,0.47538,118.85514,216613.1,2018
2018-05-17,0.67826,0.67254,6.12,-5.88314,0.64,0.113468,0.20403841,0.010312752,0.185522,0.482816,118.1802,209536.62,2018
2018-05-18,0.65882,0.64744,6.38,-6.01138,0.6,0.115512,0.202800818,0.021795319,0.174824,0.449848,116.61562,226174.54,2018
2018-05-19,0.65964,0.65326,6.4,-6.01164,0.62,0.112112,0.198852818,0.021768799,0.173542,0.445708,116.06978,224612.9,2018
2018-05-20,0.6657,0.6522,6.12,-5.94178,0.62,0.117828,0.208846218,0.021749762,0.176862,0.45214,117.03924,215120.76,2018
2018-05-21,0.6746,0.65716,4.82,-5.77432,0.52,0.127274,0.189300778,0.05092971,0.192192,0.49538,118.99496,213514.06,2018
2018-05-22,0.68238,0.65924,5,-5.91918,0.5,0.131564,0.192183178,0.061135908,0.17529,0.48816,121.64672,216798.66,2018
2018-05-23,0.67038,0.64442,4.9,-5.96882,0.5,0.111872,0.231021778,0.061825804,0.183444,0.48718,123.28902,218516.2,2018
2018-05-24,0.66406,0.635,4.96,-5.97732,0.48,0.111706,0.223231178,0.042157804,0.182954,0.46762,124.4398,217214.96,2018
2018-05-25,0.6643,0.62724,4.52,-6.12472,0.52,0.119462,0.247803778,0.02563426,0.17998,0.47246,123.58308,212636.22,2018
2018-05-26,0.65406,0.632,4.62,-6.16238,0.52,0.119332,0.254705778,0.0256275,0.171524,0.46684,124.12984,213180.8,2018
2018-05-27,0.65178,0.63338,4.74,-6.1005,0.54,0.118042,0.250345778,0.025627204,0.171646,0.46788,123.6885,212619.56,2018
2018-05-28,0.65124,0.65534,4.8,-5.77652,0.5,0.163538,0.20653376,0.007828418,0.184224,0.425258,122.21116,210353.56,2018
2018-05-29,0.65792,0.65738,4.86,-5.92228,0.5,0.16265,0.20448376,0.007817279,0.176008,0.437578,120.59284,212078.76,2018
2018-05-30,0.64484,0.6579,4.62,-5.87884,0.52,0.159914,0.20159576,0.007861653,0.175354,0.414458,123.62906,210879.82,2018
2018-05-31,0.65896,0.6614,4.78,-5.96622,0.54,0.162848,0.20312376,0.007858633,0.176256,0.433198,122.31884,211596.7,2018
2018-06-01,0.6562,0.64168,4.94,-6.21112,0.54,0.164756,0.217499278,0.00797484,0.17399,0.420278,118.51188,213246.46,2018
2018-06-02,0.65166,0.6549,4.58,-6.04022,0.52,0.156372,0.194635278,0.007973354,0.17481,0.421398,120.5054,213401.78,2018
2018-06-03,0.64962,0.64058,4.64,-6.2584,0.52,0.158178,0.198857278,0.007972814,0.173848,0.416118,121.02738,210689.88,2018
2018-06-04,0.67638,0.66692,4.94,-6.01898,0.5,0.191224,0.221547424,0.013402293,0.179426,0.464224,122.75148,216037.92,2018
2018-06-05,0.67104,0.686,5.14,-5.87428,0.52,0.191262,0.216704002,0.013560526,0.169574,0.488712,121.6579,219101.78,2018
2018-06-06,0.658046,0.6708,5.14,-6.26022,0.52,0.187234,0.226715202,0.026863046,0.175144,0.476526,121.48602,225439.66,2018
2018-06-07,0.650166,0.684,4.94,-6.14584,0.52,0.172286,0.221233002,0.040221518,0.18148,0.486386,120.8304,226601.36,2018
2018-06-08,0.650026,0.64484,4.96,-6.43376,0.52,0.192258,0.257737802,0.026536776,0.18186,0.470506,120.93706,224900.84,2018
2018-06-09,0.655566,0.6341,5.06,-6.43374,0.5,0.184448,0.282026202,0.024137173,0.18118,0.472254,121.46766,222005.18,2018
2018-06-10,0.653226,0.63568,5,-6.4353,0.5,0.190032,0.265624202,0.024143259,0.176892,0.467354,122.4453,222531.14,2018
2018-06-11,0.644046,0.62386,4.8,-6.4149,0.46,0.134754,0.268840336,0.031284499,0.181656,0.438934,119.57668,219984.46,2018
2018-06-12,0.65572,0.63604,5.06,-6.18938,0.48,0.14626,0.252618916,0.014719699,0.17558,0.434528,120.99078,215240.18,2018
2018-06-13,0.6621,0.62694,4.78,-6.3052,0.48,0.146338,0.271178308,0.018558175,0.170366,0.439288,121.479,214849.96,2018
2018-06-14,0.67302,0.64132,4.92,-6.0547,0.5,0.13517,0.254970308,0.018574001,0.174372,0.446188,122.84572,215291.28,2018
2018-06-15,0.67354,0.63028,4.96,-6.18794,0.48,0.146608,0.266970908,0.033761015,0.15367,0.453128,121.3995,210610.84,2018
2018-06-16,0.67468,0.6301,5.1,-6.20782,0.48,0.14337,0.268426908,0.033761015,0.14797,0.453268,119.63802,212011.68,2018
2018-06-17,0.67458,0.63432,4.98,-6.1442,0.5,0.14163,0.265026908,0.033760341,0.15009,0.452948,118.44236,211882.82,2018
2018-06-18,0.66154,0.6645,5.3,-5.9028,0.6,0.167528,0.20866698,0.018990088,0.179358,0.454684,119.2201,218598.22,2018
2018-06-19,0.66188,0.66684,5.08,-5.9902,0.6,0.168436,0.2055488,0.019652339,0.190932,0.466676,119.05574,215717.8,2018
2018-06-20,0.64766,0.66736,4.92,-6.13734,0.62,0.169222,0.2100858,0.019638594,0.204782,0.478116,119.26152,215363.58,2018
2018-06-21,0.65932,0.66218,5.06,-6.1881,0.58,0.161758,0.2226872,0.018806044,0.189996,0.489196,118.25772,213195.54,2018
2018-06-22,0.64952,0.64782,5.1,-6.13488,0.52,0.162182,0.2684462,0.018536496,0.1931,0.453756,117.05576,218704.42,2018
2018-06-23,0.65682,0.63712,4.88,-6.25904,0.54,0.159252,0.2964084,0.017572356,0.19152,0.46734,117.17832,212985.58,2018
2018-06-24,0.65734,0.64202,5,-6.37388,0.56,0.159272,0.2774124,0.018286356,0.1831,0.47028,116.35856,213863.84,2018
2018-06-25,0.6957,0.6067,4.72,-6.3765,0.56,0.13807,0.2807238,0.002167872,0.181712,0.4605,121.45696,216326.22,2018
2018-06-26,0.68572,0.61652,4.6,-6.24454,0.6,0.11764,0.2576078,0.002020191,0.181192,0.4577,120.37468,217244.86,2018
2018-06-27,0.67994,0.61952,4.52,-6.18912,0.62,0.103406,0.260059,0.002012929,0.177692,0.4613,119.96308,216980.36,2018
2018-06-28,0.67986,0.63378,4.34,-5.99646,0.66,0.103694,0.2493784,0.00580447,0.179836,0.47898,119.74122,211525.1,2018
2018-06-29,0.6841,0.62894,4.48,-6.21982,0.6,0.11765,0.260003,0.005806182,0.17276,0.4908,122.0143,211737.66,2018
2018-06-30,0.68512,0.62764,4.44,-6.19348,0.64,0.115944,0.267741,0.005808262,0.1728,0.48746,121.85128,211777.42,2018
2018-07-01,0.68752,0.6304,4.48,-6.20396,0.62,0.118726,0.273021,0.005808518,0.16941,0.48846,121.50188,215678.5,2018
2018-07-02,0.6867,0.57404,4.8,-7.46254,0.52,0.159286,0.2591788,0.006837741,0.16661,0.39852,117.91108,208190.88,2018
2018-07-03,0.6778,0.57488,4.92,-7.404,0.5,0.154662,0.2480748,0.006837741,0.171972,0.3958,120.92252,208768.68,2018
2018-07-04,0.67594,0.57334,4.84,-7.33258,0.52,0.146706,0.24901154,0.007604029,0.167208,0.40062,122.20424,208820.46,2018
2018-07-05,0.66612,0.57836,4.98,-7.40968,0.5,0.147846,0.25310554,0.007603459,0.17749,0.39794,123.84422,211884.38,2018
2018-07-06,0.6768,0.56348,4.9,-7.5879,0.52,0.155338,0.24056754,0.007593765,0.165104,0.3905,121.72706,210915.04,2018
2018-07-07,0.68102,0.57844,5.12,-7.15878,0.54,0.141968,0.22416154,0.007594171,0.160456,0.39486,122.93424,213165.82,2018
2018-07-08,0.69068,0.58096,5.08,-7.18224,0.56,0.142428,0.22986154,0.007594227,0.157676,0.41034,124.62812,211396.3,2018
2018-07-09,0.71798,0.637,5.1,-6.42828,0.58,0.117058,0.22600354,0.022460083,0.149268,0.474514,123.93596,211631.86,2018
2018-07-10,0.71658,0.63864,4.9,-6.38312,0.62,0.11185,0.21666354,0.022461002,0.163308,0.494614,124.23202,213665.8,2018
2018-07-11,0.72946,0.65062,4.88,-6.11772,0.62,0.11848,0.21057554,0.022435728,0.163446,0.5143,124.15336,211080,2018
2018-07-12,0.73144,0.64592,4.78,-6.17354,0.64,0.10898,0.21380754,0.022437536,0.159372,0.503,122.75266,210444,2018
2018-07-13,0.7212,0.65898,4.98,-6.15468,0.64,0.104718,0.21919154,0.022428442,0.15762,0.50334,124.60064,210676.9,2018
2018-07-14,0.7238,0.655,5.08,-6.1,0.62,0.105844,0.23846554,0.004310183,0.15638,0.50264,125.28932,210801.6,2018
2018-07-15,0.71998,0.64758,5.26,-5.99374,0.62,0.10893,0.23718594,0.003985383,0.147658,0.48788,124.6897,216425.1,2018
2018-07-16,0.67426,0.61478,4.52,-6.47392,0.66,0.106012,0.2198148,0.031254907,0.167816,0.391636,127.5003,226682.34,2018
2018-07-17,0.66558,0.63274,4.66,-6.29974,0.68,0.102346,0.2174848,0.028734937,0.166548,0.402136,126.37944,230999.36,2018
2018-07-18,0.66768,0.64984,4.78,-6.13472,0.68,0.10309,0.2016634,0.026554957,0.168128,0.406216,124.9972,227656.08,2018
2018-07-19,0.6689,0.65114,4.88,-6.05786,0.64,0.103096,0.2031434,0.026592837,0.166522,0.408616,124.56376,225138.78,2018
2018-07-20,0.67866,0.67302,4.32,-5.86228,0.68,0.106314,0.2161518,0.021374975,0.17265,0.43898,125.80668,219900.36,2018
2018-07-21,0.67198,0.67116,4.4,-5.90078,0.7,0.099118,0.2213216,0.005117049,0.171404,0.45242,124.63284,218663.2,2018
2018-07-22,0.67174,0.67366,4.44,-5.81928,0.72,0.096506,0.2410294,0.000877835,0.173234,0.46896,123.9082,218221.9,2018
2018-07-23,0.65308,0.6864,4.42,-6.00196,0.76,0.114386,0.193824407,0.009903036,0.18042,0.403788,121.61256,206908.48,2018
2018-07-24,0.65078,0.68534,4.46,-5.99524,0.8,0.115788,0.191826407,0.009866544,0.185528,0.403548,123.0722,204589.44,2018
2018-07-25,0.65328,0.6738,4.56,-6.15458,0.76,0.114758,0.209370407,0.009698364,0.171664,0.407968,121.66728,206917.8,2018
2018-07-26,0.6486,0.65466,4.54,-6.434,0.78,0.108628,0.2275675,0.00986,0.166746,0.422828,120.2473,205719.8,2018
2018-07-27,0.65954,0.64164,4.66,-6.45856,0.78,0.106284,0.2403441,0.007972015,0.142522,0.39549,119.47796,207431.54,2018
2018-07-28,0.66912,0.6353,4.48,-6.4401,0.76,0.105274,0.2513561,0.00680992,0.142062,0.41173,119.20066,204758.1,2018
2018-07-29,0.67186,0.6378,4.64,-6.43468,0.76,0.10051,0.2474961,0.00680992,0.141858,0.41487,118.98006,203820.9,2018
2018-07-30,0.64566,0.61914,4.96,-6.7957,0.68,0.131642,0.23253982,0.024916568,0.154798,0.459116,127.41798,210422.6,2018
2018-07-31,0.65156,0.6127,5.12,-6.73042,0.68,0.131488,0.23699146,0.024916228,0.156082,0.461824,127.1415,208872.1,2018
2018-08-01,0.6519,0.63028,5.38,-6.49328,0.7,0.133702,0.21211146,0.026510428,0.155958,0.460044,129.82646,208251.86,2018
2018-08-02,0.66124,0.635,5.5,-6.48942,0.68,0.128092,0.22148546,0.026508243,0.165922,0.484922,129.75242,205352.86,2018
2018-08-03,0.65556,0.63038,4.84,-6.52852,0.62,0.130216,0.21838946,0.024400732,0.160752,0.474562,129.30906,206229.46,2018
2018-08-04,0.67032,0.6295,4.94,-6.4335,0.66,0.132588,0.2235932,0.006270202,0.16353,0.459924,127.23654,203902.58,2018
2018-08-05,0.6697,0.62576,4.94,-6.4433,0.68,0.132928,0.2270532,0.006307602,0.163998,0.449624,128.07604,206586.04,2018
2018-08-06,0.64454,0.65438,4.84,-6.13346,0.62,0.130806,0.23728964,0.003039327,0.208382,0.398198,123.31294,218221.12,2018
2018-08-07,0.64064,0.65842,4.98,-5.99326,0.64,0.131234,0.22533764,0.000540407,0.202426,0.395398,124.25442,217577.62,2018
2018-08-08,0.65478,0.66066,4.92,-6.04096,0.62,0.13085,0.23235496,0.013578207,0.20847,0.403268,122.03978,219180.9,2018
2018-08-09,0.64918,0.64534,5.14,-6.24736,0.6,0.128312,0.24801496,0.014061207,0.19881,0.381726,119.87682,219416.34,2018
2018-08-10,0.65316,0.66142,5.26,-6.12602,0.62,0.13438,0.26770096,0.013563638,0.189576,0.420998,120.56994,220501.1,2018
2018-08-11,0.67656,0.65632,5.4,-6.25736,0.64,0.136706,0.26942896,0.015837045,0.180356,0.425378,119.93744,216334.34,2018
2018-08-12,0.6719,0.65012,5.36,-6.31566,0.64,0.139764,0.27348296,0.015835745,0.170358,0.429638,120.89538,217772.98,2018
2018-08-13,0.6441,0.67028,5.4,-5.94698,0.66,0.12396,0.2490039,0.011803565,0.17845,0.440176,119.3944,210102.88,2018
2018-08-14,0.65542,0.67566,4.92,-5.96416,0.6,0.123994,0.2406935,0.019930648,0.185844,0.454134,118.81418,212262.32,2018
2018-08-15,0.65174,0.67368,5.06,-6.03902,0.62,0.12299,0.22787766,0.027310648,0.185118,0.458474,119.84422,234799,2018
2018-08-16,0.6672,0.67524,5.44,-5.92792,0.58,0.127792,0.21846766,0.027194365,0.183376,0.463966,118.91828,233999.8,2018
2018-08-17,0.65106,0.62638,5.74,-6.88546,0.64,0.114778,0.2926065,0.004514879,0.184402,0.452286,119.44366,216794.06,2018
2018-08-18,0.6497,0.61556,5.46,-7.30912,0.72,0.111302,0.3093725,0.003902904,0.186098,0.489966,120.96772,212410.04,2018
2018-08-19,0.64622,0.61348,5.52,-7.41584,0.72,0.110596,0.3093725,0.003884464,0.185788,0.491986,121.46464,211864.44,2018
2018-08-20,0.64752,0.61344,5.5,-7.41822,0.74,0.110546,0.3164125,0.003853004,0.185892,0.497666,120.68366,213178.94,2018
2018-08-21,0.65058,0.6047,5.14,-7.4589,0.74,0.108958,0.3474653,0.003911018,0.177798,0.496946,120.21818,211228.26,2018
2018-08-22,0.64626,0.61414,5.26,-7.39388,0.74,0.10602,0.3342269,0.003993526,0.176698,0.488066,120.81952,211390.12,2018
2018-08-23,0.65228,0.645992,5.64,-6.49136,0.66,0.122458,0.2852229,0.015944045,0.159934,0.448314,123.83808,206567.38,2018
2018-08-24,0.6597,0.661052,5.9,-6.14654,0.66,0.12584,0.2519789,0.016225019,0.161664,0.438194,124.9841,204243.62,2018
2018-08-25,0.66598,0.652252,5.58,-6.19974,0.66,0.125328,0.2697169,0.016141223,0.158638,0.446026,122.7036,202714.62,2018
2018-08-26,0.67052,0.656632,5.7,-6.20084,0.66,0.129998,0.2858399,0.01601982,0.161072,0.461626,121.40426,200170.86,2018
2018-08-27,0.6815,0.6416,5.7,-5.99186,0.72,0.12607,0.21351276,0.027848204,0.161042,0.435328,120.18502,207836.96,2018
2018-08-28,0.69152,0.64378,5.62,-6.01178,0.72,0.129258,0.20372076,0.027848204,0.156482,0.434388,121.12086,207499.36,2018
2018-08-29,0.6925,0.64388,5.4,-5.94228,0.72,0.129714,0.20434276,0.027848095,0.156542,0.438348,121.72006,207931.62,2018
2018-08-30,0.69318,0.63706,5.7,-6.07054,0.74,0.126018,0.22330076,0.028097835,0.155662,0.430968,121.9012,208018.66,2018
2018-08-31,0.69214,0.63862,5.78,-6.15958,0.72,0.122064,0.22279876,0.029935835,0.154882,0.434568,121.5401,210094.34,2018
2018-09-01,0.69216,0.64698,5.72,-5.86968,0.72,0.12064,0.21980916,0.027823737,0.142952,0.447688,120.9194,207561.44,2018
2018-09-02,0.69704,0.64654,5.52,-5.97186,0.68,0.120758,0.21897776,0.029661656,0.142612,0.46192,120.2397,207083.9,2018
2018-09-03,0.67726,0.644152,5.88,-6.21206,0.7,0.116788,0.2449121,0.028158738,0.143146,0.45524,122.64026,202426.98,2018
2018-09-04,0.68022,0.646632,5.82,-6.1899,0.68,0.116684,0.2335291,0.028160432,0.143636,0.45906,123.31352,202614.24,2018
2018-09-05,0.68094,0.634372,5.74,-6.42,0.7,0.113146,0.2545018,0.028994278,0.13599,0.44,121.39756,205755.78,2018
2018-09-06,0.67022,0.635092,5.74,-6.44592,0.72,0.110604,0.2550218,0.029090648,0.141336,0.45192,123.905,208563.5,2018
2018-09-07,0.66874,0.622712,6,-6.596,0.68,0.11678,0.2626994,0.016026109,0.153396,0.43352,122.29802,203938.54,2018
2018-09-08,0.66352,0.616892,5.96,-6.65512,0.7,0.126628,0.298705,0.02309329,0.156582,0.413396,121.0427,210388.38,2018
2018-09-09,0.66046,0.595212,6.14,-7.07216,0.64,0.119744,0.341447,0.023261814,0.154864,0.379316,118.18454,214455.18,2018
2018-09-10,0.66456,0.585472,6.54,-7.19944,0.68,0.113132,0.3324826,0.008968516,0.153496,0.393816,119.1175,207760.7,2018
2018-09-11,0.6646,0.588112,6.76,-7.1681,0.68,0.120648,0.3282378,0.008814616,0.15377,0.401636,119.07964,215952.48,2018
2018-09-12,0.66338,0.597152,6.78,-6.97132,0.66,0.112904,0.3308748,0.00882474,0.153514,0.417436,117.58624,214486.66,2018
2018-09-13,0.6587,0.596512,6.64,-6.98498,0.66,0.111454,0.3401348,0.00212594,0.15445,0.415652,117.6236,215358.52,2018
2018-09-14,0.65372,0.599352,6.44,-7.01908,0.68,0.112504,0.3477598,0.01633984,0.149966,0.418292,118.2823,213754.56,2018
2018-09-15,0.65028,0.595272,6.24,-6.89868,0.66,0.113428,0.3123122,0.016415078,0.1477,0.386948,118.45184,205450.16,2018
2018-09-16,0.66178,0.612252,6.42,-6.75278,0.64,0.117486,0.2901662,0.016156678,0.14901,0.420656,120.14702,204650.8,2018
2018-09-17,0.66908,0.629072,6.48,-6.65792,0.64,0.123608,0.2580456,0.01725573,0.145568,0.4323,119.3877,207902.42,2018
2018-09-18,0.67116,0.632432,6.18,-6.63802,0.66,0.12128,0.2392244,0.016952856,0.144336,0.42354,121.52594,206974.54,2018
2018-09-19,0.66548,0.631712,6.24,-6.60318,0.68,0.112006,0.2341064,0.01695313,0.145556,0.41978,120.52766,207306.98,2018
2018-09-20,0.66992,0.637752,6.2,-6.50186,0.66,0.110028,0.2296964,0.01666591,0.141522,0.42116,121.13744,205815.04,2018
2018-09-21,0.67106,0.643612,6.3,-6.28606,0.66,0.103968,0.2449844,0.016772576,0.143586,0.45002,121.45914,206300.98,2018
2018-09-22,0.6569,0.640492,6.32,-6.33182,0.66,0.094706,0.2471876,0.002713585,0.140686,0.4337,118.34556,208986.82,2018
2018-09-23,0.66278,0.646152,6.2,-6.36558,0.66,0.094134,0.24772,0.016772979,0.140962,0.43788,118.7181,208076.76,2018
2018-09-24,0.66604,0.639052,5.86,-6.34112,0.66,0.09958,0.2772564,0.001667395,0.130542,0.46068,122.15016,212301.84,2018
2018-09-25,0.66592,0.642192,5.82,-6.35618,0.66,0.099538,0.2749004,0.003221395,0.140782,0.45966,122.6905,211752.36,2018
2018-09-26,0.68362,0.657052,5.56,-6.24708,0.68,0.08644,0.2634526,0.017278072,0.145902,0.47808,123.1218,207196.98,2018
2018-09-27,0.68254,0.657092,5.68,-6.2433,0.66,0.086848,0.2623962,0.016764072,0.15013,0.47376,123.75646,206391.52,2018
2018-09-28,0.68254,0.657092,5.68,-6.2433,0.66,0.086848,0.2623962,0.016764072,0.15013,0.47376,123.75646,206391.52,2018
2018-09-29,0.67446,0.661012,5.42,-6.2532,0.66,0.087958,0.2393082,0.016936512,0.16067,0.46444,123.36118,211168.38,2018
2018-09-30,0.67806,0.650732,5.4,-6.34004,0.66,0.087348,0.2541322,0.01694883,0.15771,0.46228,122.98216,210772.28,2018
2019-03-11,0.71196,0.64608,5.72,-6.2144,0.58,0.157756,0.1852884,0.010656262,0.162748,0.51696,123.91008,195480.9,2019
2019-03-12,0.71068,0.64034,5.68,-6.22694,0.56,0.157626,0.1834384,0.010656443,0.163246,0.499822,123.22738,195563.74,2019
2019-03-13,0.70198,0.624056,5.7,-6.84176,0.58,0.15765,0.2030638,0.028036131,0.155224,0.49288,121.83716,197696.54,2019
2019-03-14,0.71344,0.6249,5.62,-6.4946,0.56,0.156188,0.2084538,0.026856312,0.157226,0.492782,122.19236,196450,2019
2019-03-15,0.71944,0.61974,5.64,-6.58408,0.56,0.159834,0.2094518,0.02685627,0.15539,0.497502,121.05606,195792.14,2019
2019-03-16,0.73156,0.61602,5.56,-6.67496,0.54,0.159472,0.2033448,0.02712055,0.155164,0.486782,122.1866,193522.22,2019
2019-03-17,0.72386,0.63518,5.3,-6.4427,0.58,0.158026,0.18598092,0.02038075,0.15746,0.502362,121.495,193252.1,2019
2019-03-18,0.74186,0.63222,5.44,-6.70622,0.6,0.167914,0.17043372,0.02033056,0.172356,0.49718,122.33774,199365.86,2019
2019-03-19,0.73978,0.63604,5.08,-6.50472,0.58,0.161848,0.15510372,0.017090741,0.17153,0.497262,122.31298,198293.82,2019
2019-03-20,0.73406,0.6441,5.22,-6.54888,0.58,0.164052,0.15808732,0.031650741,0.176276,0.504602,122.71972,197807.26,2019
2019-03-21,0.7321,0.64446,5.2,-6.54756,0.6,0.163054,0.15752732,0.031650741,0.17397,0.506762,123.01698,197179.04,2019
2019-03-22,0.71834,0.65646,5.12,-6.35684,0.6,0.157722,0.14940732,0.031651915,0.173356,0.504542,123.36598,195483.7,2019
2019-03-23,0.74202,0.64764,5.1,-6.4886,0.6,0.162304,0.1597448,0.031143205,0.174674,0.499102,122.54514,196402.88,2019
2019-03-24,0.72646,0.65182,5.16,-6.42396,0.6,0.156406,0.1502169,0.032352749,0.175402,0.497662,123.17882,195839.44,2019
2019-03-25,0.74896,0.63778,5.08,-6.48446,0.6,0.175002,0.2063134,0.016596125,0.189106,0.52604,118.4089,197546.72,2019
2019-03-26,0.74936,0.63544,5.18,-6.49894,0.6,0.174656,0.2151112,0.016596125,0.191266,0.53472,118.02842,198114.58,2019
2019-03-27,0.75066,0.62422,5,-6.57948,0.64,0.169622,0.2281312,0.016596322,0.195294,0.53076,117.82972,198997.82,2019
2019-03-28,0.75784,0.63038,5.06,-6.53542,0.62,0.17635,0.2008632,0.016596125,0.19133,0.5318,118.57776,196180.84,2019
2019-03-29,0.75908,0.62228,5.06,-6.76526,0.62,0.18005,0.2143272,0.019831665,0.19137,0.52934,117.77866,196292.24,2019
2019-03-30,0.75958,0.61722,5.2,-6.78852,0.62,0.18198,0.2141738,0.019831189,0.18689,0.5209,116.9831,195195.02,2019
2019-03-31,0.76054,0.61244,5.14,-6.97218,0.6,0.184624,0.2371564,0.024210978,0.182302,0.51874,117.646,193787.32,2019
2019-04-01,0.73352,0.61816,5.28,-6.88484,0.52,0.185498,0.2047008,0.021784162,0.179226,0.46661,113.39884,202323.04,2019
2019-04-02,0.74656,0.63734,4.88,-6.62112,0.52,0.18727,0.1886846,0.02178734,0.194794,0.467894,111.63104,202377.14,2019
2019-04-03,0.73664,0.64292,4.84,-6.48936,0.5,0.181104,0.1881574,0.021787301,0.202756,0.455988,110.52762,204005.8,2019
2019-04-04,0.72922,0.65194,5.02,-6.3003,0.5,0.17563,0.1904074,0.021801161,0.18812,0.458108,108.58254,204694.54,2019
2019-04-05,0.72422,0.6454,5.1,-6.43814,0.48,0.189202,0.1985478,0.028281161,0.18598,0.453028,109.54992,205109.84,2019
2019-04-06,0.7275,0.65636,5.14,-6.37564,0.46,0.190102,0.1907458,0.028281161,0.18934,0.454528,108.62678,205230.52,2019
2019-04-07,0.73298,0.64964,4.9,-6.5691,0.46,0.1831,0.1837988,0.028288672,0.189134,0.470588,110.00856,204989.1,2019
2019-04-08,0.7457,0.6394,5,-6.70668,0.52,0.185124,0.1761002,0.016488532,0.188496,0.487848,114.18136,203133.92,2019
2019-04-10,0.75576,0.65144,5.1,-6.51134,0.54,0.18044,0.1783022,0.016481391,0.175182,0.5113,114.83804,202358.76,2019
2019-04-11,0.7546,0.64696,4.98,-6.52476,0.58,0.170926,0.1868112,0.016467531,0.179574,0.50954,115.70826,202172.06,2019
2019-04-12,0.74678,0.64818,5.08,-6.48608,0.58,0.16813,0.1800092,0.016470535,0.184546,0.492334,114.3634,198712.52,2019
2019-04-13,0.74678,0.64818,5.08,-6.48608,0.58,0.16813,0.1800092,0.016470535,0.184546,0.492334,114.3634,198712.52,2019
2019-04-14,0.75,0.65722,4.98,-6.45144,0.56,0.173646,0.1677632,0.016470535,0.18681,0.499594,114.09748,198241.86,2019
2019-04-15,0.72968,0.65744,4.84,-6.33512,0.56,0.174658,0.1771138,0.020973165,0.184096,0.495314,119.70856,201518.22,2019
2019-04-16,0.72932,0.6565,4.8,-6.3562,0.54,0.175358,0.1752098,0.016473165,0.184034,0.501154,117.5687,200238.76,2019
2019-04-17,0.73002,0.66122,4.58,-6.31034,0.54,0.178256,0.165323,0.0209697,0.182346,0.512594,118.38928,199187.84,2019
2019-04-18,0.7313,0.65492,4.54,-6.44824,0.56,0.178822,0.173617,0.0209697,0.173266,0.5187,119.6051,199029.18,2019
2019-04-19,0.7398,0.65634,5.16,-6.45806,0.56,0.17634,0.1783686,0.039164839,0.175402,0.53268,121.63126,194252.72,2019
2019-04-20,0.73832,0.64454,4.78,-6.61218,0.56,0.170204,0.1772806,0.034664839,0.177158,0.53615,123.15466,191530.82,2019
2019-04-21,0.74198,0.64346,4.88,-6.56946,0.56,0.173272,0.181036,0.039145899,0.177918,0.53015,124.99524,190192.94,2019
2019-04-22,0.73774,0.60434,4.98,-7.5812,0.56,0.187654,0.250566048,0.062286762,0.16767,0.499126,122.92368,193933.18,2019
2019-04-23,0.72076,0.60056,5.08,-7.7538,0.58,0.180324,0.262070048,0.081346762,0.169792,0.491644,120.25736,195903.36,2019
2019-04-24,0.71912,0.60842,5.28,-7.67298,0.58,0.17803,0.25843914,0.089246684,0.182762,0.504004,121.77702,195037.04,2019
2019-04-25,0.72758,0.61296,5.34,-7.3953,0.56,0.172464,0.24078494,0.055306079,0.174936,0.513366,121.9849,193095.42,2019
2019-04-26,0.71292,0.59834,5.38,-7.71062,0.6,0.165016,0.25986294,0.074366056,0.176202,0.506344,119.20956,194198.44,2019
2019-04-27,0.72352,0.606,5.3,-7.29832,0.58,0.161142,0.25416294,0.055264656,0.1757,0.51821,121.10012,192910.38,2019
2019-04-28,0.7198,0.60934,4.96,-7.23664,0.58,0.161066,0.25335098,0.05526586,0.16908,0.51437,120.04976,198694.04,2019
2019-04-29,0.72472,0.58904,5.24,-7.31256,0.64,0.152904,0.2630434,0.074453016,0.169986,0.517608,118.06682,192192.34,2019
2019-04-30,0.74016,0.59832,5.1,-6.9667,0.62,0.154804,0.24186694,0.055218397,0.166784,0.516612,118.01102,190602.96,2019
2019-05-01,0.74,0.59918,5.1,-6.94906,0.62,0.154918,0.24292694,0.055218397,0.16667,0.516552,118.01012,190604.22,2019
2019-05-02,0.73314,0.5977,5.22,-6.91096,0.62,0.150328,0.2429718,0.055218691,0.168426,0.518052,118.8,191796.08,2019
2019-05-03,0.73464,0.58336,5.14,-7.13642,0.62,0.164748,0.2557878,0.037193559,0.164224,0.526492,121.06942,190130.24,2019
2019-05-04,0.735,0.58608,5.14,-7.23812,0.64,0.165252,0.25160322,0.037412363,0.163792,0.525012,120.33308,189677.98,2019
2019-05-05,0.73336,0.5745,5.12,-7.24096,0.64,0.162088,0.25639722,0.037808363,0.162216,0.527732,120.67992,191609.66,2019
2019-05-06,0.73716,0.57962,4.86,-7.05424,0.56,0.160586,0.21984522,0.037193531,0.138322,0.484912,115.29082,185771.88,2019
2019-05-07,0.73716,0.57962,4.86,-7.05424,0.56,0.160586,0.21984522,0.037193531,0.138322,0.484912,115.29082,185771.88,2019
2019-05-08,0.73264,0.58354,5.08,-7.08934,0.56,0.160318,0.20667522,0.037193722,0.134782,0.491152,116.85096,184499.8,2019
2019-05-09,0.73094,0.586,5.12,-7.0649,0.54,0.162782,0.20643222,0.037837722,0.135482,0.490372,118.55126,185407.62,2019
2019-05-10,0.73518,0.6013,5.24,-6.75046,0.56,0.154516,0.19035622,0.020001614,0.143962,0.515452,116.40234,184685.12,2019
2019-05-11,0.73812,0.59318,5.14,-6.75666,0.58,0.15254,0.19952122,0.019357722,0.146424,0.510212,115.20008,182985.24,2019
2019-05-12,0.74154,0.5923,5.26,-6.83584,0.58,0.154146,0.19131042,0.019357829,0.143224,0.503472,116.70152,182768.7,2019
2019-05-13,0.7303,0.609808,4.9,-6.56334,0.66,0.1499,0.18821982,0.021196702,0.165046,0.516232,117.27956,190056.02,2019
2019-05-14,0.72616,0.603508,4.92,-6.53496,0.68,0.149494,0.19961982,0.021193562,0.1687,0.501532,117.92264,190116.66,2019
2019-05-15,0.73334,0.616028,5.08,-6.52028,0.66,0.153174,0.17831382,0.021242469,0.165712,0.504052,119.34912,187942.16,2019
2019-05-16,0.73334,0.616028,5.08,-6.52028,0.66,0.153174,0.17831382,0.021242469,0.165712,0.504052,119.34912,187942.16,2019
2019-05-17,0.72538,0.616768,4.74,-6.52184,0.66,0.148092,0.19909782,0.021242279,0.165548,0.508752,118.82628,187752.1,2019
2019-05-18,0.72538,0.616768,4.74,-6.52184,0.66,0.148092,0.19909782,0.021242279,0.165548,0.508752,118.82628,187752.1,2019
2019-05-19,0.72088,0.617128,4.82,-6.51322,0.64,0.152614,0.19341782,0.021242279,0.1675,0.509132,118.07082,187996.1,2019
2019-05-20,0.7357,0.64442,5,-6.2717,0.6,0.149524,0.17756902,0.021266188,0.169926,0.496672,120.42328,184192.04,2019
2019-05-21,0.72524,0.620382,4.78,-6.63038,0.62,0.169018,0.18678502,0.039201233,0.17149,0.510792,119.04628,185690.58,2019
2019-05-22,0.71944,0.600402,4.84,-6.90168,0.64,0.175876,0.20491722,0.039223002,0.1617,0.491832,119.43842,185308.3,2019
2019-05-23,0.70868,0.612762,4.8,-6.77684,0.66,0.158862,0.21244702,0.039679182,0.176578,0.493532,117.78824,186418.46,2019
2019-05-24,0.71246,0.615662,4.62,-6.59514,0.66,0.152176,0.20350322,0.039897052,0.167576,0.483842,118.68906,186012.42,2019
2019-05-25,0.72202,0.603622,4.58,-6.65772,0.66,0.162352,0.21818182,0.039897001,0.16642,0.485402,118.35854,185043.74,2019
2019-05-26,0.72472,0.599382,4.46,-6.64292,0.64,0.161962,0.20898182,0.039896904,0.16808,0.485222,117.68088,185051.46,2019
2019-05-27,0.71906,0.615122,5.02,-6.60026,0.62,0.150344,0.19133342,0.037326171,0.168444,0.466822,118.2318,190215.72,2019
2019-05-28,0.7273,0.61246,4.7,-6.60126,0.62,0.164012,0.19236342,0.019606171,0.165984,0.478022,120.5867,179661.08,2019
2019-05-29,0.7273,0.61246,4.7,-6.60126,0.62,0.164012,0.19236342,0.019606171,0.165984,0.478022,120.5867,179661.08,2019
2019-05-30,0.72548,0.61158,4.78,-6.5821,0.6,0.165132,0.19261342,0.019605943,0.161844,0.484802,120.74732,178864.64,2019
2019-05-31,0.73198,0.59894,4.92,-6.82732,0.62,0.168036,0.19668342,0.019605943,0.16307,0.488922,121.18794,177216.54,2019
2019-06-01,0.72684,0.59972,4.8,-6.82074,0.6,0.16325,0.20195722,0.01960587,0.16317,0.486902,120.00776,177605,2019
2019-06-02,0.72902,0.59452,4.94,-6.91316,0.6,0.163084,0.20637722,0.019605841,0.17067,0.492822,118.24542,179117.64,2019
2019-06-03,0.70864,0.5902,4.78,-6.94524,0.62,0.14566,0.23851608,0.02014263,0.157474,0.477364,118.11784,185481.46,2019
2019-06-04,0.70576,0.59218,4.82,-6.92612,0.62,0.139672,0.23713208,0.020119538,0.157254,0.473144,117.15522,185658.26,2019
2019-06-05,0.7192,0.60908,5.04,-6.91594,0.62,0.139044,0.22249962,0.02985143,0.15041,0.499894,117.45198,180701.46,2019
2019-06-06,0.72382,0.59872,4.98,-7.13706,0.62,0.144056,0.24578162,0.02931055,0.150636,0.51191,118.99978,177263.36,2019
2019-06-07,0.71848,0.6025,5.04,-7.13302,0.62,0.141884,0.24754002,0.02931055,0.150524,0.52559,121.76194,178906.96,2019
2019-06-08,0.72292,0.60204,5.04,-6.93842,0.66,0.149734,0.25007242,0.029296032,0.148884,0.5314,121.12858,179349.28,2019
2019-06-09,0.71754,0.6094,4.92,-7.00154,0.64,0.135386,0.25524642,0.03059416,0.148164,0.53186,120.99678,179627.32,2019
2019-06-10,0.72518,0.60536,5.3,-6.86466,0.58,0.153942,0.22052322,0.029309609,0.166096,0.54184,119.33482,188894.38,2019
2019-06-11,0.72174,0.59452,5.16,-7.06018,0.6,0.151872,0.23038322,0.029309609,0.165336,0.53888,121.04504,187660.4,2019
2019-06-12,0.72706,0.60536,5.3,-6.9101,0.58,0.151662,0.22740322,0.030599609,0.165616,0.54092,119.97114,187423.6,2019
2019-06-13,0.74542,0.6111,5.22,-6.86616,0.6,0.156768,0.22644922,0.037887489,0.16533,0.55328,119.4246,186613.9,2019
2019-06-14,0.74906,0.62336,5.1,-6.68788,0.6,0.147022,0.23004322,0.037887821,0.167242,0.5494,117.05214,187136.22,2019
2019-06-15,0.74418,0.6272,4.96,-6.66416,0.56,0.150874,0.21822922,0.038131821,0.163362,0.56606,119.60174,187109.72,2019
2019-06-16,0.73728,0.62544,5.14,-6.74236,0.58,0.14696,0.22789242,0.038131821,0.161862,0.55764,118.21926,188584.8,2019
2019-06-17,0.73704,0.62194,4.8,-6.68112,0.66,0.151648,0.21212802,0.037865913,0.149348,0.54834,123.42948,191183.52,2019
2019-06-18,0.74088,0.62098,4.78,-6.65834,0.66,0.152172,0.2144402,0.037645913,0.152028,0.53826,122.35412,191950.24,2019
2019-06-19,0.73406,0.62404,4.74,-6.69692,0.66,0.151052,0.21350202,0.037875913,0.152868,0.54108,122.50974,191600.68,2019
2019-06-20,0.73534,0.63318,4.56,-6.65196,0.62,0.148716,0.21086202,0.032016159,0.161234,0.52808,120.56188,189110.08,2019
2019-06-21,0.74108,0.62632,4.64,-6.68054,0.62,0.154406,0.2191142,0.031796159,0.160534,0.5273,120.48476,191595.96,2019
2019-06-22,0.73938,0.63236,4.52,-6.86346,0.62,0.162,0.20294202,0.018736159,0.149014,0.52608,119.6452,190904.96,2019
2019-06-23,0.74238,0.63868,4.5,-6.8899,0.6,0.15703,0.20352202,0.018734955,0.155994,0.52328,119.99258,189888.6,2019
2019-06-24,0.73504,0.63632,4.52,-6.8604,0.6,0.158344,0.2139252,0.016326147,0.156352,0.48844,114.87114,195573.22,2019
2019-06-25,0.73636,0.63368,4.66,-6.85012,0.6,0.162244,0.2147452,0.016326147,0.156032,0.49444,114.86822,196322.72,2019
2019-06-26,0.7366,0.6315,4.66,-6.87944,0.58,0.166868,0.2235652,0.018926147,0.163672,0.49226,115.62948,195881.8,2019
2019-06-27,0.74066,0.63206,4.62,-6.8991,0.58,0.15832,0.2215832,0.027181678,0.163916,0.51004,115.80222,194159.2,2019
2019-06-28,0.74382,0.6436,4.54,-6.77862,0.58,0.158426,0.2162238,0.036376878,0.169856,0.51436,116.50186,194104.34,2019
2019-06-29,0.73906,0.64594,4.46,-6.74002,0.6,0.162856,0.2199658,0.031764678,0.173196,0.51654,117.45052,194500.46,2019
2019-06-30,0.73664,0.64212,4.64,-6.77834,0.62,0.16256,0.233833,0.031730878,0.172676,0.5144,118.02902,194077.52,2019
2019-07-01,0.75044,0.63656,4.36,-6.63698,0.68,0.148718,0.1951548,0.021768979,0.17264,0.48268,115.99444,197947.82,2019
2019-07-02,0.75382,0.63098,4.3,-6.64632,0.7,0.156776,0.1938348,0.018848979,0.168356,0.47886,117.30722,196606.48,2019
2019-07-03,0.7575,0.63594,4.28,-6.57932,0.68,0.160006,0.1908908,0.01884886,0.156358,0.48948,117.04516,194766.92,2019
2019-07-04,0.7364,0.6183,4.24,-6.78144,0.7,0.15471,0.2288908,0.019386979,0.167148,0.47418,119.13192,192271.72,2019
2019-07-05,0.73576,0.60956,4.42,-6.79904,0.7,0.149154,0.2181288,0.019386979,0.165076,0.46296,117.62078,196058.76,2019
2019-07-06,0.7397,0.61254,4.38,-6.7003,0.66,0.156128,0.2127468,0.012617847,0.170392,0.4689,117.55106,195078.42,2019
2019-07-07,0.7397,0.61254,4.38,-6.7003,0.66,0.156128,0.2127468,0.012617847,0.170392,0.4689,117.55106,195078.42,2019
2019-07-08,0.75202,0.61352,4.74,-6.65656,0.64,0.171358,0.2001658,0.011330293,0.156606,0.4488,116.67724,191770.9,2019
2019-07-09,0.7539,0.61418,4.54,-6.67256,0.66,0.1687,0.1874428,0.011345693,0.156966,0.45808,117.237,188859.4,2019
2019-07-10,0.75386,0.61394,4.52,-6.68106,0.64,0.16894,0.1872842,0.011361133,0.157096,0.45814,117.23636,188861.4,2019
2019-07-11,0.75706,0.623,4.44,-6.57704,0.66,0.177434,0.1695242,0.013423133,0.159342,0.4682,120.28724,186861.7,2019
2019-07-12,0.75184,0.6178,4.36,-6.56478,0.64,0.173896,0.1763642,0.01082305,0.158646,0.48276,120.94604,184969.54,2019
2019-07-13,0.75628,0.61198,4.38,-6.6557,0.64,0.179408,0.1808242,0.01082305,0.156206,0.48002,120.3456,186685.32,2019
2019-07-14,0.75738,0.6104,4.18,-6.6082,0.66,0.182968,0.1824182,0.01079645,0.15046,0.47954,122.13714,185546.38,2019
2019-07-15,0.7486,0.62064,4.78,-6.45348,0.7,0.18778,0.1635478,0.010792727,0.172694,0.51698,123.77886,182267.58,2019
2019-07-16,0.74786,0.62228,4.74,-6.42822,0.68,0.18812,0.1666278,0.010792727,0.173602,0.51556,123.63728,181220.1,2019
2019-07-17,0.74994,0.61988,4.88,-6.49244,0.66,0.192352,0.1755758,0.010792727,0.173342,0.50452,124.87702,181206.24,2019
2019-07-18,0.74924,0.61712,4.82,-6.48964,0.66,0.188748,0.1797158,0.010795947,0.174482,0.50768,124.09856,181401.34,2019
2019-07-19,0.75474,0.60222,4.66,-6.64256,0.62,0.187326,0.1932552,0.010795947,0.172064,0.50574,122.91498,179648,2019
2019-07-20,0.7544,0.60694,4.7,-6.646,0.62,0.186744,0.1895372,0.010796335,0.17015,0.51094,122.97478,180036.04,2019
2019-07-21,0.75474,0.60222,4.66,-6.64256,0.62,0.187326,0.1932552,0.010795947,0.172064,0.50574,122.91498,179648,2019
2019-07-22,0.75716,0.60356,4.68,-6.74004,0.62,0.182544,0.19201046,0.010796598,0.160282,0.50914,119.15022,177681.92,2019
2019-07-23,0.75218,0.6109,4.78,-6.55734,0.62,0.171866,0.20131046,0.010796598,0.158182,0.50588,120.93538,182022.8,2019
2019-07-24,0.75296,0.61588,4.78,-6.5233,0.6,0.162184,0.21077746,0.010797065,0.154382,0.50862,119.11372,182683.12,2019
2019-07-25,0.7524,0.6169,4.64,-6.5681,0.6,0.162924,0.20601066,0.010802724,0.151702,0.51434,117.78874,180007.02,2019
2019-07-26,0.75454,0.61148,4.8,-6.72812,0.62,0.160878,0.22642066,0.010912714,0.152092,0.504,118.90822,179949.68,2019
2019-07-27,0.75198,0.60614,4.76,-6.76912,0.62,0.161318,0.22298066,0.010912714,0.151972,0.50342,117.81808,180641.98,2019
2019-07-28,0.75618,0.60464,4.78,-6.85006,0.64,0.166682,0.2372874,0.010910948,0.149924,0.50274,118.10982,182612.22,2019
2019-07-29,0.73662,0.62258,4.76,-6.79078,0.66,0.157788,0.2243143,0.00969079,0.165708,0.46524,116.7561,184311.32,2019
2019-07-30,0.73308,0.62492,4.56,-6.76194,0.68,0.159386,0.2113403,0.00968763,0.165378,0.46128,117.39452,187199.08,2019
2019-07-31,0.73534,0.62314,4.48,-6.76536,0.66,0.169098,0.20177666,0.009473317,0.16499,0.4592,118.7105,185699.64,2019
2019-08-01,0.73982,0.61616,4.28,-6.8082,0.64,0.16915,0.21261666,0.009531077,0.169144,0.4729,119.52998,183028.1,2019
2019-08-02,0.71634,0.60422,4.78,-6.98478,0.6,0.181222,0.2385514,0.011041373,0.159108,0.47408,119.56496,187086.18,2019
2019-08-03,0.71458,0.60842,5.04,-6.92836,0.58,0.182122,0.2417534,0.010986773,0.155876,0.47102,121.2081,187397.64,2019
2019-08-04,0.71458,0.60842,5.04,-6.92836,0.58,0.182122,0.2417534,0.010986773,0.155876,0.47102,121.2081,187397.64,2019
2019-08-05,0.71834,0.6157,5.42,-6.72358,0.58,0.173302,0.2274942,0.017542528,0.164402,0.48412,124.3031,187460.56,2019
2019-08-06,0.71432,0.62236,5.22,-6.5785,0.56,0.17548,0.2150022,0.017433328,0.16451,0.4776,125.23786,186765.48,2019
2019-08-07,0.70782,0.61828,5.4,-6.64546,0.6,0.174444,0.2164934,0.017472748,0.15879,0.46496,126.4206,187391.5,2019
2019-08-08,0.70664,0.60814,5.2,-6.7993,0.62,0.170332,0.2230994,0.018195853,0.162554,0.46542,126.10572,184357,2019
2019-08-09,0.71454,0.61384,4.9,-6.71234,0.66,0.158732,0.2098074,0.018184018,0.159554,0.47172,123.73306,179330.38,2019
2019-08-10,0.72138,0.62124,4.6,-6.6722,0.68,0.162224,0.1931874,0.018176658,0.165026,0.47588,124.54336,176958.06,2019
2019-08-11,0.72362,0.60996,4.48,-6.7691,0.7,0.167324,0.2050114,0.018176658,0.164682,0.4739,123.98524,176625.8,2019
2019-08-12,0.71918,0.61784,4.56,-6.54336,0.76,0.160258,0.2086362,0.028842317,0.165118,0.47636,119.98016,174641.36,2019
2019-08-13,0.72076,0.6087,4.54,-6.40128,0.72,0.166306,0.1981782,0.011582448,0.166194,0.4619,119.09956,177606.28,2019
2019-08-14,0.71522,0.61114,4.42,-6.5542,0.74,0.164638,0.2018512,0.012476228,0.164908,0.4809,119.11938,179225.04,2019
2019-08-15,0.71768,0.61384,4.34,-6.38362,0.74,0.166758,0.19272878,0.011539533,0.167334,0.46792,118.80798,178443.2,2019
2019-08-16,0.72476,0.60958,4.24,-6.40232,0.74,0.168884,0.1950744,0.014620188,0.173714,0.47068,120.36798,174162.5,2019
2019-08-17,0.73162,0.61254,4.06,-6.38754,0.74,0.170146,0.1979664,0.014633748,0.17296,0.48286,121.16402,173569.14,2019
2019-08-18,0.71988,0.6037,4.08,-6.56428,0.72,0.170594,0.2258764,0.01463656,0.174978,0.47778,121.24626,176075.9,2019
2019-08-19,0.71094,0.60492,4.9,-6.7334,0.7,0.184046,0.2043438,0.015122408,0.148354,0.51348,128.02742,180679.8,2019
2019-08-20,0.71532,0.60376,4.6,-6.72516,0.72,0.187594,0.2088398,0.017799628,0.148822,0.5159,129.06092,179665.68,2019
2019-08-21,0.7149,0.62004,4.72,-6.70716,0.74,0.184352,0.2014968,0.022154948,0.150548,0.51996,129.07446,182048.78,2019
2019-08-22,0.71884,0.6262,4.76,-6.58892,0.74,0.188702,0.2017948,0.022154704,0.151348,0.52546,128.79156,184335.5,2019
2019-08-23,0.7174,0.61734,4.44,-6.82552,0.76,0.179182,0.2123798,0.031954842,0.15159,0.524774,130.66872,185603.3,2019
2019-08-24,0.71982,0.62426,4.5,-6.7301,0.78,0.183342,0.2066138,0.029274842,0.150548,0.538554,129.61394,184493.32,2019
2019-08-25,0.72168,0.62202,4.46,-6.7602,0.76,0.183986,0.2042538,0.029274048,0.149924,0.531794,129.68038,185078.64,2019
2019-08-26,0.72206,0.6118,4.46,-7.05322,0.76,0.180588,0.2273504,0.028905258,0.155014,0.540154,126.12764,182475.28,2019
2019-08-27,0.72638,0.62474,4.3,-6.82482,0.76,0.181918,0.2157104,0.028166427,0.16029,0.540514,124.58746,181681.94,2019
2019-08-28,0.72254,0.6233,4.5,-6.82478,0.78,0.180504,0.2162404,0.026240227,0.160292,0.541994,125.58916,181579.32,2019
2019-08-29,0.72278,0.62724,4.36,-6.74892,0.8,0.181034,0.2217662,0.025754227,0.157952,0.541754,124.8512,179768.12,2019
2019-08-30,0.71888,0.62352,4.76,-6.77922,0.76,0.172282,0.2283644,0.026239027,0.146756,0.531574,128.4486,179908.92,2019
2019-08-31,0.71742,0.62222,4.68,-6.8864,0.76,0.175244,0.2173144,0.026362107,0.145458,0.529334,129.6777,180284.02,2019
2019-09-01,0.71224,0.61464,4.74,-6.96838,0.74,0.174074,0.2248164,0.030922107,0.141862,0.522214,128.41394,187705.3,2019
2019-09-02,0.70948,0.59792,4.98,-7.38876,0.74,0.166092,0.22926314,0.040629923,0.153494,0.496254,128.43274,201184.9,2019
2019-09-03,0.70798,0.59584,4.96,-7.3305,0.72,0.170812,0.22312714,0.040629916,0.154444,0.483554,127.61268,200954.36,2019
2019-09-04,0.70258,0.59832,5.06,-7.49856,0.7,0.179734,0.22494894,0.040633236,0.157942,0.494094,126.1124,200739.46,2019
2019-09-05,0.70626,0.5914,4.94,-7.62422,0.7,0.179624,0.23086694,0.042101236,0.158382,0.493054,125.35164,202453.46,2019
2019-09-06,0.70528,0.58914,4.94,-7.6222,0.72,0.17773,0.23505894,0.042101236,0.149512,0.491974,126.3982,201470.48,2019
2019-09-07,0.70218,0.58974,4.94,-7.59894,0.74,0.17296,0.22561894,0.042101426,0.150152,0.483914,124.95752,203328.36,2019
2019-09-08,0.7105,0.5921,5,-7.48866,0.74,0.17489,0.23361094,0.041610146,0.14686,0.479774,126.18378,201463.64,2019
2019-09-09,0.70052,0.6287,4.98,-6.7878,0.62,0.168772,0.19397714,0.021622215,0.17095,0.487374,124.69102,198878.24,2019
2019-09-10,0.70052,0.6287,4.98,-6.7878,0.62,0.168772,0.19397714,0.021622215,0.17095,0.487374,124.69102,198878.24,2019
2019-09-11,0.71426,0.62524,4.92,-6.64924,0.64,0.16996,0.19978066,0.011095815,0.171966,0.497754,124.53332,189624.36,2019
2019-09-12,0.70564,0.62292,5.02,-6.6699,0.62,0.170202,0.20468066,0.009627994,0.17309,0.494934,126.68298,185270.54,2019
2019-09-13,0.70108,0.60718,4.72,-6.87714,0.64,0.16615,0.22528866,0.013060249,0.166768,0.479486,125.76086,183799.52,2019
2019-09-14,0.69038,0.60426,4.92,-7.01878,0.68,0.163692,0.22717466,0.013546118,0.175324,0.483626,126.61154,191941.52,2019
2019-09-15,0.69102,0.60362,4.96,-7.05556,0.68,0.16367,0.22161466,0.013546118,0.175844,0.497786,127.32406,191825.42,2019
2019-09-16,0.70208,0.5845,5.28,-7.073,0.64,0.156644,0.26331606,0.013269442,0.176538,0.485416,126.17068,187812.32,2019
2019-09-17,0.70264,0.58888,5.3,-7.01,0.62,0.158114,0.27107726,0.013543311,0.180482,0.493316,125.20522,184394.8,2019
2019-09-18,0.70628,0.58984,5.02,-7.0371,0.62,0.15181,0.26692126,0.013270157,0.17757,0.496732,126.24612,186955.32,2019
2019-09-19,0.7126,0.59988,5.22,-6.77176,0.58,0.170912,0.25083326,0.009618288,0.181964,0.480712,125.32186,183101.32,2019
2019-09-20,0.713,0.61652,5.28,-6.5876,0.58,0.172928,0.23090926,0.009676673,0.182876,0.492252,125.44666,184315.26,2019
2019-09-21,0.69726,0.61892,5.26,-6.5938,0.56,0.162978,0.24385,0.009679187,0.183976,0.503212,125.96138,186833.66,2019
2019-09-22,0.71088,0.62796,5.16,-6.40778,0.6,0.162592,0.21981526,0.009678831,0.184186,0.507992,125.42046,185968.62,2019
2019-09-23,0.70654,0.6272,5.36,-6.3636,0.62,0.15141,0.22012106,0.009748157,0.179364,0.521332,124.39692,191198.24,2019
2019-09-24,0.70292,0.61218,5.34,-6.42894,0.62,0.143156,0.23113706,0.009747269,0.170902,0.508912,123.58972,190115.32,2019
2019-09-25,0.70772,0.61478,5.5,-6.4633,0.6,0.149394,0.23131106,0.009747269,0.172542,0.516752,122.20934,188604.96,2019
2019-09-26,0.70912,0.61038,5.58,-6.51698,0.58,0.1495,0.22806706,0.009748041,0.1721,0.516112,121.4888,188361.8,2019
2019-09-27,0.69912,0.606186,5.44,-6.85276,0.6,0.147828,0.23404306,0.029047261,0.173602,0.516792,121.6654,187060.6,2019
2019-09-28,0.69314,0.6165,5.4,-6.64222,0.6,0.145386,0.2342302,0.028575361,0.17279,0.523112,123.47036,189195.6,2019
2019-09-29,0.69472,0.61102,5.26,-6.70602,0.6,0.147056,0.230662,0.028573221,0.168346,0.514272,123.95058,188211.54,2019
2019-09-30,0.69086,0.62786,5.26,-6.79278,0.52,0.154408,0.20653734,0.02833644,0.187032,0.515892,121.72766,193040.56,2019
2020-03-11,0.73416,0.56924,5.16,-7.46222,0.7,0.159166,0.277818,0.018699568,0.175272,0.51275,122.74594,175123.5,2020
2020-03-12,0.73204,0.56938,5.18,-7.42596,0.7,0.160662,0.276098,0.017059568,0.17946,0.52021,120.99106,176176.34,2020
2020-03-13,0.73578,0.57788,5.3,-7.36336,0.72,0.155362,0.251894,0.017059568,0.17751,0.53633,122.78054,175322.88,2020
2020-03-14,0.74404,0.58312,5.7,-7.2933,0.68,0.16096,0.236252,0.016960801,0.17596,0.54727,122.63818,174713.82,2020
2020-03-15,0.7414,0.58788,5.48,-7.26672,0.7,0.162782,0.235646,0.026440766,0.17645,0.53539,123.20764,173694.66,2020
2020-03-16,0.74498,0.60602,5.36,-7.33254,0.66,0.15722,0.208388,0.034296353,0.180574,0.52774,121.0836,179281.98,2020
2020-03-17,0.73984,0.60626,5.46,-7.39104,0.66,0.160574,0.220268,0.037241836,0.178274,0.5265,120.48516,176287.66,2020
2020-03-18,0.73086,0.60384,5.2,-7.4356,0.68,0.151386,0.21454812,0.03727573,0.173004,0.52452,120.6328,176245.26,2020
2020-03-19,0.73086,0.60384,5.2,-7.4356,0.68,0.151386,0.21454812,0.03727573,0.173004,0.52452,120.6328,176245.26,2020
2020-03-20,0.72282,0.60924,5.16,-7.3639,0.7,0.150162,0.21105392,0.037198668,0.173202,0.53048,122.27824,175664.06,2020
2020-03-21,0.7267,0.5777,4.92,-7.79028,0.74,0.147494,0.2453058,0.02952687,0.16292,0.51928,124.5027,178000.2,2020
2020-03-22,0.72126,0.55566,5.06,-8.16832,0.74,0.14193,0.2610622,0.026567067,0.160328,0.51514,123.72424,181278.64,2020
2020-03-23,0.70234,0.5637,5.14,-8.1305,0.72,0.122638,0.2546826,0.02680765,0.172182,0.5483,124.72998,188309.3,2020
2020-03-24,0.69572,0.56464,5.56,-8.16334,0.7,0.124222,0.2660546,0.027234948,0.168266,0.53342,124.33186,188138.82,2020
2020-03-25,0.67688,0.54458,5.66,-8.46708,0.7,0.118524,0.2876786,0.027263703,0.175882,0.52048,123.7659,190822.42,2020
2020-03-26,0.6694,0.54394,5.56,-8.4729,0.72,0.117986,0.2953986,0.027263911,0.163182,0.51788,123.1675,192218.8,2020
2020-03-27,0.67328,0.5394,5.42,-8.39514,0.68,0.120318,0.2918318,0.014842711,0.163316,0.5182,123.75608,193038.88,2020
2020-03-28,0.71888,0.60434,5.62,-7.17606,0.62,0.140254,0.2389078,0.030210662,0.181112,0.5355,120.4349,178814.4,2020
2020-03-29,0.72446,0.61208,5.82,-7.0424,0.58,0.139722,0.2317338,0.030211373,0.180656,0.54934,120.14126,182016.98,2020
2020-03-30,0.72852,0.63522,5.84,-6.94378,0.6,0.135512,0.2105118,0.022412994,0.16783,0.56216,123.1388,186626.68,2020
2020-03-31,0.72064,0.6354,5.92,-6.8569,0.62,0.131622,0.2161378,0.022367994,0.166552,0.55268,122.42972,188193.54,2020
2020-04-01,0.72064,0.6354,5.92,-6.8569,0.62,0.131622,0.2161378,0.022367994,0.166552,0.55268,122.42972,188193.54,2020
2020-04-02,0.7155,0.62296,5.6,-6.99884,0.68,0.132544,0.2328098,0.022260354,0.176696,0.55574,123.69488,182419.46,2020
2020-04-03,0.70358,0.60466,5.22,-7.43466,0.72,0.122146,0.2843908,0.0399723,0.18422,0.53784,119.92982,189105.5,2020
2020-04-04,0.69956,0.58424,5.28,-7.72064,0.7,0.123382,0.2919086,0.039931606,0.183498,0.53594,119.17238,187737.88,2020
2020-04-05,0.70166,0.58332,5,-7.65046,0.7,0.126616,0.2876458,0.040030272,0.18139,0.5374,116.52872,187896.72,2020
2020-04-06,0.68134,0.58662,5.42,-7.51478,0.64,0.129368,0.31090336,0.04005234,0.211254,0.48952,114.13132,196561.84,2020
2020-04-07,0.69078,0.57568,5.36,-7.77004,0.66,0.128808,0.3067136,0.05835202,0.209292,0.48574,114.71046,195395.44,2020
2020-04-08,0.66974,0.52294,5.08,-9.31444,0.66,0.117066,0.36069336,0.040340696,0.20978,0.49436,116.30296,197690.28,2020
2020-04-09,0.66882,0.51882,4.9,-9.53008,0.7,0.10871,0.3637576,0.058521668,0.199844,0.5027,116.63316,200816.82,2020
2020-04-10,0.66004,0.5191,5.02,-9.58054,0.74,0.115596,0.36429956,0.057431142,0.231346,0.49016,118.13118,199781.92,2020
2020-04-11,0.652,0.50014,4.72,-10.00882,0.76,0.105506,0.4038316,0.057209108,0.218546,0.49746,117.6111,201318.86,2020
2020-04-12,0.64968,0.51086,4.94,-9.88392,0.74,0.114512,0.38441756,0.057212952,0.237246,0.4862,117.16702,198676.46,2020
2020-04-13,0.66882,0.50708,5.22,-9.90674,0.72,0.129388,0.36945376,0.041050918,0.234368,0.492298,117.0891,200683.58,2020
2020-04-14,0.66218,0.49548,5.1,-10.04438,0.74,0.125788,0.3915758,0.041047361,0.219074,0.488418,117.19404,202356.74,2020
2020-04-15,0.6862,0.56304,4.62,-8.20792,0.7,0.134016,0.2696142,0.06796552,0.218668,0.472278,117.25434,197262.62,2020
2020-04-16,0.70076,0.56802,5.04,-7.91048,0.68,0.129924,0.2536932,0.051760812,0.220784,0.478158,118.07448,194501.92,2020
2020-04-17,0.6996,0.5669,5.24,-7.72376,0.66,0.144522,0.2501162,0.04770619,0.21319,0.466298,117.91014,191724.84,2020
2020-04-18,0.7044,0.56486,5.14,-7.7921,0.66,0.139004,0.2554702,0.04770619,0.21223,0.479758,116.69958,187759.34,2020
2020-04-19,0.7096,0.5878,5.38,-7.45424,0.62,0.144646,0.2157202,0.047706213,0.223556,0.472398,116.86744,184963.04,2020
2020-04-20,0.71972,0.58006,5.18,-7.56758,0.58,0.163086,0.23416,0.06556565,0.233126,0.476838,120.9497,186647.16,2020
2020-04-21,0.72164,0.58708,5.3,-7.53524,0.56,0.167352,0.218798,0.06556565,0.232106,0.473058,119.98976,186995.62,2020
2020-04-22,0.71094,0.59404,5.28,-7.40404,0.58,0.16611,0.213149208,0.06576123,0.232156,0.465658,120.49202,185474.16,2020
2020-04-23,0.7094,0.60044,5.34,-7.19152,0.58,0.165828,0.222109208,0.065761536,0.231512,0.472878,120.51332,185509,2020
2020-04-24,0.70766,0.60522,5.48,-6.95178,0.6,0.16934,0.220978208,0.04764124,0.231712,0.489398,120.60914,186686.98,2020
2020-04-25,0.70912,0.58262,5.68,-7.28584,0.6,0.169176,0.240497,0.065741289,0.227282,0.469678,120.97116,186843.86,2020
2020-04-26,0.71982,0.58596,5.7,-7.29738,0.6,0.162824,0.221459,0.065761649,0.228792,0.471578,121.91828,184766.4,2020
2020-04-27,0.72588,0.56782,5,-7.3443,0.66,0.165508,0.2595816,0.048983119,0.213606,0.495818,117.95348,183336.64,2020
2020-04-28,0.72588,0.56782,5,-7.3443,0.66,0.165508,0.2595816,0.048983119,0.213606,0.495818,117.95348,183336.64,2020
2020-04-29,0.72446,0.56862,5.1,-7.2494,0.66,0.163498,0.2607832,0.049001059,0.211402,0.491178,119.40296,181793.94,2020
2020-04-30,0.72716,0.56788,5.14,-7.2486,0.66,0.176298,0.2610652,0.048939059,0.204522,0.483018,120.0205,179984.86,2020
2020-05-01,0.71124,0.58762,5.42,-7.3262,0.64,0.171672,0.2564496,0.065051857,0.221984,0.485458,117.5549,186394.28,2020
2020-05-02,0.70712,0.5959,5.58,-7.2546,0.6,0.178092,0.2464156,0.065059081,0.23036,0.484158,119.10076,188450.14,2020
2020-05-03,0.70318,0.59108,5.76,-7.36248,0.62,0.17341,0.2674376,0.048918125,0.224116,0.487258,120.82546,191536.4,2020
2020-05-04,0.69668,0.58444,5.68,-7.31032,0.6,0.156512,0.2758808,0.040269674,0.231326,0.504518,122.90018,194114.3,2020
2020-05-05,0.694,0.588,5.54,-7.15134,0.58,0.15538,0.2742968,0.040271328,0.237364,0.496858,121.51908,194020.08,2020
2020-05-06,0.6975,0.58294,5.54,-7.44466,0.62,0.147802,0.2784268,0.075443839,0.237192,0.485014,120.53474,192125.8,2020
2020-05-07,0.70216,0.59102,5.58,-7.33224,0.62,0.146146,0.2703468,0.075632439,0.236672,0.488974,121.05852,191424.68,2020
2020-05-08,0.69746,0.5921,5.7,-7.36486,0.56,0.148418,0.2730868,0.075443839,0.24089,0.488174,118.65866,194590.62,2020
2020-05-09,0.69834,0.58266,5.52,-7.40326,0.58,0.141908,0.2880944,0.075464039,0.232986,0.491744,118.47038,194158.86,2020
2020-05-10,0.69446,0.58298,5.36,-7.38742,0.58,0.13941,0.3058344,0.092682719,0.21645,0.492684,116.98488,191631.62,2020
2020-05-11,0.70376,0.5813,5.38,-7.56168,0.66,0.14402,0.3343804,0.075531613,0.184208,0.511706,114.10726,189921.58,2020
2020-05-12,0.70644,0.58074,5.46,-7.60748,0.66,0.1426,0.32860948,0.075531552,0.18358,0.506646,114.915,188848.08,2020
2020-05-13,0.7118,0.5847,5.32,-7.5156,0.66,0.135594,0.33381548,0.075531952,0.184894,0.525526,115.79666,187489.14,2020
2020-05-14,0.71572,0.58464,5.4,-7.48062,0.64,0.137454,0.33443748,0.066051986,0.184284,0.535786,116.90566,189398.7,2020
2020-05-15,0.713,0.60524,5.4,-7.36484,0.64,0.135912,0.32346348,0.07088475,0.188662,0.532206,120.3482,184109.18,2020
2020-05-16,0.707,0.60292,5.34,-7.26936,0.66,0.138738,0.29480548,0.070843484,0.200216,0.512856,118.54028,187048.76,2020
2020-05-17,0.71122,0.59558,5.38,-7.3954,0.64,0.136096,0.30742348,0.070875484,0.188952,0.510056,118.67172,188008.9,2020
2020-05-18,0.7249,0.60504,5.4,-7.55068,0.6,0.13621,0.27482208,0.07812474,0.208622,0.529798,120.43756,198367.56,2020
2020-05-19,0.7223,0.59054,5.54,-7.70912,0.6,0.135734,0.30329714,0.05983734,0.20613,0.531798,118.74384,200501.26,2020
2020-05-20,0.71434,0.59514,5.68,-7.68318,0.58,0.140582,0.30075114,0.059871499,0.21453,0.533318,121.23832,197204.5,2020
2020-05-21,0.71186,0.5809,5.72,-7.86658,0.56,0.13581,0.31437714,0.059903422,0.214456,0.531818,119.95454,195927.04,2020
2020-05-22,0.71012,0.58004,5.6,-8.0621,0.6,0.142802,0.31004514,0.078836602,0.215654,0.514694,120.524,198050.76,2020
2020-05-23,0.71644,0.59632,5.64,-7.72246,0.58,0.140318,0.28690614,0.060658201,0.215766,0.539158,120.15966,199163.94,2020
2020-05-24,0.71604,0.58182,5.38,-8.0259,0.54,0.14118,0.29176214,0.064060293,0.212886,0.532458,119.64056,195738.18,2020
2020-05-25,0.725,0.56998,5.74,-7.80874,0.56,0.142992,0.2845752,0.064938196,0.20469,0.501692,121.95036,191342.28,2020
2020-05-26,0.72736,0.56464,5.64,-7.96862,0.58,0.144196,0.2905922,0.064936796,0.199078,0.502512,122.77042,190166.54,2020
2020-05-27,0.73594,0.56202,5.58,-7.97956,0.58,0.141716,0.2949582,0.064936796,0.192618,0.504772,121.97154,190390.2,2020
2020-05-28,0.73426,0.56562,5.62,-7.87484,0.58,0.135736,0.29683734,0.065025296,0.19275,0.515732,121.23352,190042.74,2020
2020-05-29,0.74022,0.55816,5.44,-7.90118,0.58,0.132634,0.29718534,0.065046296,0.196316,0.508232,120.65384,191835.08,2020
2020-05-30,0.73938,0.57172,5.64,-7.68706,0.58,0.135994,0.29037934,0.065310816,0.201462,0.505292,119.30926,191726.7,2020
2020-05-31,0.73862,0.57334,5.66,-7.59264,0.56,0.141138,0.28730034,0.062315696,0.208356,0.504632,119.53536,190580.26,2020
2020-06-01,0.72612,0.5989,5.72,-7.50426,0.56,0.137948,0.29458514,0.056924685,0.208836,0.550054,122.02346,189944.08,2020
2020-06-02,0.70124,0.5919,5.36,-8.1184,0.52,0.165996,0.31261908,0.050540848,0.205174,0.534626,113.68804,203244.56,2020
2020-06-03,0.70044,0.59638,5.2,-8.02726,0.54,0.170572,0.31329968,0.050590761,0.217448,0.533906,112.43616,212940.1,2020
2020-06-04,0.68718,0.60334,5.34,-7.86076,0.54,0.185522,0.32506568,0.050375028,0.223652,0.503602,112.09596,212814.36,2020
2020-06-05,0.67964,0.59322,5.3,-8.06708,0.52,0.188422,0.33761768,0.05050373,0.220344,0.496742,112.75414,211247.22,2020
2020-06-06,0.68446,0.59034,5.44,-8.08278,0.5,0.195498,0.33899768,0.05050373,0.220198,0.498122,113.95494,212122.16,2020
2020-06-07,0.69564,0.59056,5.54,-8.17342,0.5,0.20062,0.32862968,0.050502814,0.2185,0.509442,111.4513,210526.68,2020
2020-06-08,0.69022,0.6066,5.88,-7.7346,0.48,0.19201,0.33727168,0.033526826,0.218314,0.506362,109.39078,204187.08,2020
2020-06-09,0.6791,0.60304,5.76,-7.6629,0.44,0.180576,0.33279688,0.050398017,0.207308,0.499222,111.98522,195355.54,2020
2020-06-10,0.69904,0.60066,5.9,-7.48926,0.44,0.164396,0.29336308,0.050139529,0.18711,0.502202,114.78644,186854.16,2020
2020-06-11,0.71402,0.59634,5.62,-7.67426,0.46,0.165256,0.27128908,0.067119015,0.182066,0.538822,115.13268,185419.86,2020
2020-06-12,0.72882,0.59286,5.6,-7.56848,0.44,0.17097,0.28275308,0.067134609,0.177382,0.573296,115.32338,178429.34,2020
2020-06-13,0.72956,0.60172,5.6,-7.45766,0.44,0.16836,0.27209108,0.067133911,0.179342,0.575396,117.08508,178145.04,2020
2020-06-14,0.73378,0.59776,5.4,-7.31684,0.46,0.16499,0.27459108,0.067133911,0.17915,0.572256,115.3924,177720.26,2020
2020-06-15,0.73876,0.63186,5.8,-6.63586,0.48,0.155456,0.25540508,0.050173808,0.1957,0.541116,118.55136,179880.5,2020
2020-06-16,0.7386,0.62438,5.82,-6.74896,0.48,0.152696,0.27304508,0.050046008,0.19378,0.548376,118.2475,182171.04,2020
2020-06-17,0.74408,0.62284,5.62,-6.76666,0.5,0.140454,0.25917708,0.050018268,0.191628,0.543476,116.87836,182514.4,2020
2020-06-18,0.7432,0.62334,5.5,-6.64772,0.48,0.147036,0.23820388,0.048782528,0.193002,0.544336,117.93398,182830.44,2020
2020-06-19,0.73272,0.61318,5.36,-6.75908,0.48,0.136276,0.25834178,0.050334764,0.190612,0.537456,115.6698,183165.78,2020
2020-06-20,0.7286,0.61614,5.56,-6.71786,0.48,0.135056,0.26277178,0.050332256,0.18978,0.540816,115.0711,182100.38,2020
2020-06-21,0.72788,0.60632,5.66,-6.94492,0.46,0.141556,0.27259778,0.050332256,0.188546,0.540536,115.6327,181026.52,2020
2020-06-22,0.7329,0.61432,5.66,-6.73612,0.54,0.150212,0.2416769,0.034464079,0.178808,0.560096,113.64108,176869.28,2020
2020-06-23,0.7251,0.613,5.6,-6.75164,0.54,0.139242,0.2504569,0.034574679,0.173268,0.559896,112.29478,180435.46,2020
2020-06-24,0.71868,0.61836,5.92,-6.62268,0.52,0.127468,0.2475489,0.040977423,0.17252,0.552636,112.1423,181368.9,2020
2020-06-25,0.72408,0.60894,5.68,-6.78722,0.5,0.138442,0.2502269,0.048417423,0.176628,0.568476,113.14296,180480.82,2020
2020-06-26,0.7322,0.5978,5.76,-6.99946,0.5,0.14821,0.2599969,0.050084847,0.18479,0.560796,112.23144,181433.22,2020
2020-06-27,0.72588,0.5988,5.72,-7.0095,0.5,0.134286,0.2623033,0.052984968,0.170498,0.561396,112.60546,185156.72,2020
2020-06-28,0.72518,0.59468,5.46,-6.93294,0.5,0.128708,0.2628633,0.053013768,0.161674,0.564336,110.07002,183698.88,2020
2020-06-29,0.71542,0.58078,5.56,-7.03418,0.5,0.131448,0.2779629,0.053091289,0.175318,0.544176,110.48918,183996.94,2020
2020-06-30,0.71934,0.57446,5.36,-7.06982,0.5,0.131396,0.292025,0.053141653,0.179078,0.545636,110.5356,183795.48,2020
2020-07-01,0.71338,0.58022,5.48,-7.02182,0.52,0.123158,0.2779829,0.053141889,0.178978,0.544376,110.07694,185109.3,2020
2020-07-02,0.71338,0.58022,5.48,-7.02182,0.52,0.123158,0.2779829,0.053141889,0.178978,0.544376,110.07694,185109.3,2020
2020-07-03,0.71492,0.58838,5.66,-7.09184,0.54,0.12585,0.2689656,0.052829744,0.166318,0.552016,110.4744,181681.66,2020
2020-07-04,0.7153,0.5706,5.54,-7.40922,0.54,0.138804,0.2962357,0.036373748,0.162912,0.535656,108.60482,179953.1,2020
2020-07-05,0.7054,0.57658,5.46,-7.26378,0.54,0.139544,0.3049273,0.033472576,0.16248,0.534476,108.2312,177049.7,2020
2020-07-06,0.69832,0.5561,5.28,-7.66348,0.6,0.151918,0.300277,0.038596104,0.149628,0.491056,108.24082,187163.06,2020
2020-07-07,0.69836,0.54538,5.38,-7.77946,0.6,0.148612,0.310519,0.043535342,0.151518,0.501176,107.87104,190243.72,2020
2020-07-08,0.69264,0.54776,5.5,-7.81032,0.6,0.146324,0.299957,0.043535902,0.147478,0.496576,109.0309,192363.3,2020
2020-07-09,0.69888,0.55948,5.5,-7.74864,0.6,0.14857,0.278557,0.043536335,0.157472,0.51986,109.50598,190035.96,2020
2020-07-10,0.69844,0.56102,5.38,-7.73428,0.62,0.14957,0.281257,0.043535871,0.164652,0.51494,109.6652,190078.54,2020
2020-07-11,0.70994,0.57282,5.2,-7.58308,0.62,0.144176,0.271645,0.042997902,0.164292,0.515856,111.27386,191199.82,2020
2020-07-12,0.70894,0.57864,5.2,-7.4508,0.64,0.145272,0.260985,0.042997902,0.16562,0.522156,111.87464,191183.82,2020
2020-07-13,0.72178,0.58832,5.48,-7.22888,0.6,0.135004,0.2340774,0.037938542,0.1735,0.50814,112.20558,189418.08,2020
2020-07-14,0.71894,0.58926,5.4,-7.24054,0.62,0.14239,0.2308754,0.037937992,0.178,0.51312,113.70906,188862.3,2020
2020-07-15,0.71482,0.57704,5.14,-7.20702,0.6,0.144238,0.2498912,0.023878392,0.176884,0.53108,116.55954,193142.9,2020
2020-07-16,0.7168,0.57692,5.02,-7.16062,0.6,0.14371,0.2506172,0.023877832,0.176078,0.53088,117.36104,194608.72,2020
2020-07-17,0.70688,0.59566,5.22,-7.33014,0.58,0.133384,0.2573602,0.03790422,0.176292,0.53582,116.6426,192078.38,2020
2020-07-18,0.70624,0.59162,5.28,-7.3879,0.54,0.13284,0.2652462,0.03790422,0.164236,0.55732,115.32368,192814.74,2020
2020-07-19,0.71272,0.59274,5.46,-7.38334,0.52,0.125796,0.2801282,0.037904165,0.158168,0.56458,114.17256,196087.36,2020
2020-07-20,0.70804,0.61144,5.3,-7.2074,0.6,0.134184,0.2979908,0.027305818,0.167968,0.54058,116.92962,190690.36,2020
2020-07-21,0.7027,0.60602,5.16,-7.25114,0.6,0.132088,0.2963308,0.027713638,0.1682,0.54322,117.42688,193624.16,2020
2020-07-22,0.7022,0.60892,5.36,-7.23372,0.6,0.138742,0.2918328,0.027713638,0.169798,0.53732,117.26364,194397.4,2020
2020-07-23,0.6917,0.60754,5.42,-7.31712,0.62,0.134156,0.286652,0.027861838,0.151606,0.54026,115.8275,195516.04,2020
2020-07-24,0.69956,0.59846,5.34,-7.3063,0.64,0.137568,0.274722,0.01174889,0.160728,0.52734,115.87042,192881.26,2020
2020-07-25,0.69982,0.6093,5.36,-7.11716,0.62,0.140446,0.2493202,0.010552312,0.166054,0.532,116.41742,191648.14,2020
2020-07-26,0.71468,0.61052,5.46,-7.0566,0.6,0.143068,0.2652762,0.010202912,0.164668,0.53906,115.72972,188160.38,2020
2020-07-27,0.70492,0.606,5.28,-6.95078,0.58,0.150552,0.236585,0.010085726,0.197678,0.49712,115.34066,187188.06,2020
2020-07-28,0.70064,0.6054,5.2,-6.9967,0.58,0.149548,0.2583668,0.009535046,0.19303,0.5113,116.11138,188210.46,2020
2020-07-29,0.70256,0.60934,5.28,-6.96844,0.58,0.150934,0.2344408,0.009537466,0.199578,0.50864,116.02522,187874.6,2020
2020-07-30,0.69508,0.60706,5.16,-7.00454,0.56,0.155288,0.235563,0.010094742,0.199704,0.48786,117.7712,195289.58,2020
2020-07-31,0.68188,0.6068,5.04,-7.02212,0.58,0.145334,0.2447882,0.01009472,0.19883,0.46896,115.94228,194166.48,2020
2020-08-01,0.67828,0.61708,5.04,-6.78904,0.6,0.136098,0.2448002,0.010091655,0.20905,0.46526,116.4193,194885.4,2020
2020-08-02,0.6866,0.60874,5.1,-6.9471,0.58,0.142998,0.2419562,0.010087055,0.20481,0.46706,115.53856,192815.72,2020
2020-08-03,0.68364,0.62588,4.88,-6.90916,0.64,0.149816,0.2280948,0.010352553,0.187838,0.469348,116.96954,193107.42,2020
2020-08-04,0.69234,0.62728,4.9,-6.9099,0.66,0.14636,0.2230328,0.010353055,0.182598,0.477668,117.85712,195450.26,2020
2020-08-05,0.6971,0.62456,4.8,-6.96268,0.66,0.147434,0.2230684,0.010205363,0.183508,0.480448,118.05812,195646.12,2020
2020-08-06,0.70216,0.63024,4.82,-6.85066,0.64,0.153444,0.2185984,0.010204173,0.185924,0.485068,117.73258,185531.9,2020
2020-08-07,0.70472,0.61978,4.88,-6.96234,0.62,0.151728,0.2238284,0.010223703,0.175608,0.483448,117.4984,195968.9,2020
2020-08-08,0.70932,0.61212,4.8,-7.13126,0.62,0.155472,0.2125104,0.009997703,0.184434,0.489088,116.74698,195424.84,2020
2020-08-09,0.71052,0.61228,4.86,-7.14374,0.62,0.15703,0.2158964,0.009997195,0.184106,0.487928,116.90716,194782.8,2020
2020-08-10,0.7209,0.59314,5.26,-7.12124,0.6,0.152722,0.2414306,0.008677446,0.191124,0.499888,120.32978,192862.4,2020
2020-08-11,0.73222,0.59706,5.34,-7.05398,0.56,0.154702,0.2269646,0.00867601,0.19364,0.503488,120.68664,185624.7,2020
2020-08-12,0.7364,0.60578,5.26,-6.94324,0.58,0.154196,0.2248274,0.008583212,0.193334,0.507968,124.17342,183265.26,2020
2020-08-13,0.72952,0.60392,5.34,-6.98488,0.58,0.159576,0.2262214,0.008269212,0.190054,0.506308,123.70324,185767.54,2020
2020-08-14,0.74078,0.59692,5.28,-7.05408,0.6,0.160392,0.2349228,0.008269275,0.189586,0.517208,123.57062,183616.34,2020
2020-08-15,0.74078,0.59692,5.28,-7.05408,0.6,0.160392,0.2349228,0.008269275,0.189586,0.517208,123.57062,183616.34,2020
2020-08-16,0.7337,0.59662,5.32,-7.09054,0.62,0.159992,0.2381828,0.008267771,0.18933,0.513608,123.28572,192204.68,2020
2020-08-17,0.70844,0.612,5.12,-6.95652,0.68,0.140172,0.2404792,0.006933519,0.181566,0.499388,122.44526,187437.82,2020
2020-08-18,0.7059,0.611,5.02,-6.98052,0.7,0.140242,0.2390592,0.006934726,0.178666,0.503088,122.98848,187318.08,2020
2020-08-19,0.69972,0.6063,5.06,-7.06624,0.72,0.138358,0.246212,0.006934726,0.175118,0.5049,123.42704,188065.92,2020
2020-08-20,0.69522,0.61086,5.06,-7.08818,0.7,0.13934,0.2410306,0.006154126,0.180256,0.5122,123.50302,185575.16,2020
2020-08-21,0.70606,0.61324,4.98,-7.09946,0.7,0.141266,0.2296906,0.006153002,0.180116,0.51694,124.39162,184361.9,2020
2020-08-22,0.70376,0.60392,5.1,-7.30672,0.68,0.138788,0.2227666,0.006173202,0.175928,0.50678,122.33474,182819.74,2020
2020-08-23,0.69662,0.60722,5.08,-7.19254,0.68,0.139128,0.2340866,0.023393202,0.175948,0.50712,123.1341,183107.64,2020
2020-08-24,0.6869,0.57676,4.9,-7.36208,0.7,0.141664,0.2801706,0.029852429,0.181788,0.48559,121.23124,182320.62,2020
2020-08-25,0.68552,0.58812,5,-7.20798,0.7,0.143554,0.2798234,0.029852429,0.18209,0.48937,121.33222,182343,2020
2020-08-26,0.67308,0.59622,5.16,-7.20304,0.7,0.1366,0.275848,0.029899481,0.181952,0.477476,121.5432,184313.12,2020
2020-08-27,0.68442,0.59166,5.04,-7.18074,0.7,0.148192,0.2786114,0.029874181,0.178134,0.477776,123.21332,182852.76,2020
2020-08-28,0.68312,0.58982,5.26,-7.23548,0.7,0.151278,0.2876948,0.026003781,0.178622,0.48463,123.28822,183194.06,2020
2020-08-29,0.68266,0.58618,5.1,-7.35152,0.7,0.14773,0.294809,0.026001828,0.196378,0.49367,121.20926,184475.68,2020
2020-08-30,0.68434,0.59148,4.88,-7.34176,0.7,0.150342,0.282101,0.026020487,0.196338,0.49715,121.70744,185830.74,2020
2020-08-31,0.70818,0.59094,4.54,-7.16056,0.68,0.160432,0.286184,0.023385303,0.189144,0.5077,120.75566,185578.72,2020
2020-09-01,0.70526,0.60356,4.7,-7.03954,0.66,0.16349,0.27042978,0.019305303,0.199084,0.51268,120.54318,186145.36,2020
2020-09-02,0.70682,0.58616,4.52,-7.19692,0.68,0.163968,0.2889688,0.006155343,0.194688,0.500418,120.04382,186957.28,2020
2020-09-03,0.7007,0.57768,4.4,-7.36566,0.7,0.1618,0.2956488,0.006287327,0.194156,0.489278,119.35964,187181.8,2020
2020-09-04,0.71336,0.58606,4.64,-7.07884,0.7,0.153662,0.2978338,0.006155811,0.193846,0.506438,120.06522,183908.84,2020
2020-09-05,0.71664,0.58032,4.72,-7.10426,0.68,0.153462,0.2973718,0.006137111,0.193548,0.501978,120.22636,182380.48,2020
2020-09-06,0.7042,0.59596,4.9,-6.82388,0.7,0.146216,0.2776644,0.006137543,0.195242,0.497198,119.45146,183197.7,2020
2020-09-07,0.70064,0.60418,4.08,-6.83258,0.74,0.15147,0.28097376,0.00704074,0.195102,0.48954,120.82148,183256.46,2020
2020-09-08,0.69446,0.6135,3.92,-6.75104,0.74,0.14641,0.26496576,0.007040769,0.19415,0.50138,122.89428,182612.36,2020
2020-09-09,0.70004,0.6119,3.98,-6.8477,0.72,0.140554,0.26595376,0.00179601,0.195508,0.5088,121.97414,184491.9,2020
2020-09-10,0.696,0.6131,3.96,-6.8425,0.74,0.133784,0.26393376,0.001796238,0.196492,0.5089,122.01184,185065.5,2020
2020-09-11,0.69764,0.6001,4.2,-6.8254,0.7,0.142266,0.27877376,0.001796693,0.190226,0.49242,123.10598,185116.54,2020
2020-09-12,0.7088,0.58818,4.14,-7.00998,0.7,0.151684,0.28869376,0.001796513,0.182722,0.479918,123.59144,181140.88,2020
2020-09-13,0.69982,0.5933,4.08,-6.86472,0.7,0.148024,0.29273376,0.007036513,0.178002,0.470938,123.44344,181225,2020
2020-09-14,0.69784,0.59596,4.1,-6.9271,0.7,0.139772,0.27639296,0.002638915,0.17688,0.492138,122.21298,192536.72,2020
2020-09-15,0.70712,0.58728,4.18,-7.03426,0.68,0.141206,0.27356096,0.002638915,0.179164,0.493598,121.13052,191550.98,2020
2020-09-16,0.69748,0.58806,3.98,-7.07534,0.7,0.13516,0.27624696,0.002625755,0.183824,0.487798,122.57348,191517.1,2020
2020-09-17,0.69586,0.59062,4,-7.1122,0.7,0.135414,0.26048296,0.003329755,0.183604,0.487898,123.1533,192041.2,2020
2020-09-18,0.71194,0.56774,3.94,-7.36554,0.7,0.144192,0.28408196,0.02054413,0.174582,0.49226,122.95926,189787.72,2020
2020-09-19,0.70566,0.57684,4.04,-7.21706,0.7,0.142968,0.27921898,0.020543436,0.178582,0.48948,122.97802,188736,2020
2020-09-20,0.71028,0.58778,3.88,-7.06824,0.7,0.133926,0.25513898,0.00265893,0.178488,0.501158,123.82346,192600.28,2020
2020-09-21,0.7161,0.60068,4.7,-6.72416,0.66,0.14513,0.22470136,0.002766244,0.175348,0.51624,123.97766,186947.76,2020
2020-09-22,0.70848,0.60652,4.82,-6.7363,0.68,0.148188,0.23789218,0.015606196,0.170648,0.5165,126.95998,187466.34,2020
2020-09-23,0.70958,0.6141,4.86,-6.7074,0.68,0.154454,0.23057218,0.015606196,0.181408,0.52336,125.42412,185971.14,2020
2020-09-24,0.71632,0.60316,5.14,-6.72316,0.66,0.149348,0.23499218,0.016721472,0.163848,0.52962,124.71118,197043.44,2020
2020-09-25,0.7126,0.60442,5.14,-6.78208,0.66,0.148506,0.23032678,0.016720988,0.165498,0.52202,125.41074,195966.26,2020
2020-09-26,0.71052,0.59038,5.14,-7.09464,0.66,0.138076,0.23962278,0.017629555,0.162988,0.5245,127.74766,195495.84,2020
2020-09-27,0.70812,0.59624,5.16,-7.01202,0.68,0.143638,0.24376278,0.017629546,0.16408,0.52502,127.06734,196261.4,2020
2020-09-28,0.6891,0.6056,4.88,-7.10082,0.7,0.124082,0.24448736,0.034922796,0.18036,0.53844,125.38648,198002.38,2020
2020-09-29,0.6849,0.60922,4.94,-7.0253,0.7,0.12495,0.23782438,0.034817596,0.1796,0.52822,125.57614,197750.12,2020